triangle_1based,i_1based,j_1based,k_1based,channel_i,channel_j,channel_k
1,1,2,3,Fp1,AF7,AF3
2,1,2,6,Fp1,AF7,F5
3,1,3,6,Fp1,AF3,F5
4,1,3,33,Fp1,AF3,Fpz
5,1,3,37,Fp1,AF3,AFz
6,1,33,34,Fp1,Fpz,Fp2
7,1,33,37,Fp1,Fpz,AFz
8,1,34,37,Fp1,Fp2,AFz
9,2,3,5,AF7,AF3,F3
10,2,3,6,AF7,AF3,F5
11,2,3,7,AF7,AF3,F7
12,2,5,6,AF7,F3,F5
13,2,5,7,AF7,F3,F7
14,2,6,7,AF7,F5,F7
15,2,6,8,AF7,F5,FT7
16,2,7,8,AF7,F7,FT7
17,3,4,5,AF3,F1,F3
18,3,4,37,AF3,F1,AFz
19,3,5,6,AF3,F3,F5
20,3,5,7,AF3,F3,F7
21,3,6,7,AF3,F5,F7
22,3,33,37,AF3,Fpz,AFz
23,4,5,10,F1,F3,FC3
24,4,5,11,F1,F3,FC1
25,4,10,11,F1,FC3,FC1
26,4,11,38,F1,FC1,Fz
27,4,11,47,F1,FC1,FCz
28,4,37,38,F1,AFz,Fz
29,4,38,47,F1,Fz,FCz
30,5,6,7,F3,F5,F7
31,5,6,9,F3,F5,FC5
32,5,6,10,F3,F5,FC3
33,5,7,9,F3,F7,FC5
34,5,9,10,F3,FC5,FC3
35,5,10,11,F3,FC3,FC1
36,6,7,8,F5,F7,FT7
37,6,7,9,F5,F7,FC5
38,6,8,9,F5,FT7,FC5
39,6,9,10,F5,FC5,FC3
40,7,8,9,F7,FT7,FC5
41,8,9,14,FT7,FC5,C5
42,8,9,15,FT7,FC5,T7
43,8,14,15,FT7,C5,T7
44,8,14,16,FT7,C5,TP7
45,8,15,16,FT7,T7,TP7
46,9,14,15,FC5,C5,T7
47,10,11,12,FC3,FC1,C1
48,10,11,13,FC3,FC1,C3
49,10,12,13,FC3,C1,C3
50,11,12,13,FC1,C1,C3
51,11,38,47,FC1,Fz,FCz
52,12,13,18,C1,C3,CP3
53,12,13,19,C1,C3,CP1
54,12,18,19,C1,CP3,CP1
55,13,18,19,C3,CP3,CP1
56,14,15,16,C5,T7,TP7
57,14,15,17,C5,T7,CP5
58,14,16,17,C5,TP7,CP5
59,15,16,17,T7,TP7,CP5
60,15,16,23,T7,TP7,P7
61,15,16,24,T7,TP7,P9
62,15,17,23,T7,CP5,P7
63,15,23,24,T7,P7,P9
64,16,17,22,TP7,CP5,P5
65,16,17,23,TP7,CP5,P7
66,16,22,23,TP7,P5,P7
67,16,22,24,TP7,P5,P9
68,16,23,24,TP7,P7,P9
69,17,18,21,CP5,CP3,P3
70,17,18,22,CP5,CP3,P5
71,17,21,22,CP5,P3,P5
72,17,22,23,CP5,P5,P7
73,18,19,20,CP3,CP1,P1
74,18,19,21,CP3,CP1,P3
75,18,20,21,CP3,P1,P3
76,18,21,22,CP3,P3,P5
77,19,20,21,CP1,P1,P3
78,19,20,31,CP1,P1,Pz
79,19,20,32,CP1,P1,CPz
80,19,31,32,CP1,Pz,CPz
81,20,21,26,P1,P3,PO3
82,20,26,30,P1,PO3,POz
83,20,30,31,P1,POz,Pz
84,20,31,32,P1,Pz,CPz
85,21,22,25,P3,P5,PO7
86,21,22,26,P3,P5,PO3
87,21,25,26,P3,PO7,PO3
88,22,23,24,P5,P7,P9
89,22,23,25,P5,P7,PO7
90,22,23,26,P5,P7,PO3
91,22,24,25,P5,P9,PO7
92,22,24,27,P5,P9,O1
93,22,25,26,P5,PO7,PO3
94,22,25,27,P5,PO7,O1
95,22,26,27,P5,PO3,O1
96,23,24,25,P7,P9,PO7
97,23,25,26,P7,PO7,PO3
98,24,25,27,P9,PO7,O1
99,25,26,27,PO7,PO3,O1
100,25,27,28,PO7,O1,Iz
101,26,27,29,PO3,O1,Oz
102,26,27,30,PO3,O1,POz
103,26,29,30,PO3,Oz,POz
104,27,28,29,O1,Iz,Oz
105,27,28,30,O1,Iz,POz
106,27,29,30,O1,Oz,POz
107,28,29,30,Iz,Oz,POz
108,28,29,64,Iz,Oz,O2
109,28,30,64,Iz,POz,O2
110,28,62,64,Iz,PO8,O2
111,29,30,63,Oz,POz,PO4
112,29,30,64,Oz,POz,O2
113,29,63,64,Oz,PO4,O2
114,30,31,57,POz,Pz,P2
115,30,57,63,POz,P2,PO4
116,30,63,64,POz,PO4,O2
117,31,32,56,Pz,CPz,CP2
118,31,32,57,Pz,CPz,P2
119,31,56,57,Pz,CP2,P2
120,32,48,56,CPz,Cz,CP2
121,32,56,57,CPz,CP2,P2
122,33,34,35,Fpz,Fp2,AF8
123,33,34,36,Fpz,Fp2,AF4
124,33,34,37,Fpz,Fp2,AFz
125,33,35,36,Fpz,AF8,AF4
126,33,36,37,Fpz,AF4,AFz
127,34,35,36,Fp2,AF8,AF4
128,34,35,41,Fp2,AF8,F6
129,34,36,37,Fp2,AF4,AFz
130,34,36,41,Fp2,AF4,F6
131,35,36,40,AF8,AF4,F4
132,35,36,41,AF8,AF4,F6
133,35,36,42,AF8,AF4,F8
134,35,40,41,AF8,F4,F6
135,35,40,42,AF8,F4,F8
136,35,41,42,AF8,F6,F8
137,35,41,43,AF8,F6,FT8
138,35,42,43,AF8,F8,FT8
139,36,37,39,AF4,AFz,F2
140,36,39,40,AF4,F2,F4
141,36,40,41,AF4,F4,F6
142,36,40,42,AF4,F4,F8
143,36,41,42,AF4,F6,F8
144,37,38,39,AFz,Fz,F2
145,38,39,46,Fz,F2,FC2
146,38,39,47,Fz,F2,FCz
147,38,46,47,Fz,FC2,FCz
148,39,40,45,F2,F4,FC4
149,39,40,46,F2,F4,FC2
150,39,45,46,F2,FC4,FC2
151,39,46,47,F2,FC2,FCz
152,40,41,42,F4,F6,F8
153,40,41,44,F4,F6,FC6
154,40,41,45,F4,F6,FC4
155,40,42,44,F4,F8,FC6
156,40,44,45,F4,FC6,FC4
157,40,45,46,F4,FC4,FC2
158,41,42,43,F6,F8,FT8
159,41,42,44,F6,F8,FC6
160,41,43,44,F6,FT8,FC6
161,41,44,45,F6,FC6,FC4
162,42,43,44,F8,FT8,FC6
163,42,43,52,F8,FT8,T8
164,42,44,52,F8,FC6,T8
165,43,44,51,FT8,FC6,C6
166,43,44,52,FT8,FC6,T8
167,43,51,52,FT8,C6,T8
168,43,51,53,FT8,C6,TP8
169,43,52,53,FT8,T8,TP8
170,44,51,52,FC6,C6,T8
171,45,46,49,FC4,FC2,C2
172,45,46,50,FC4,FC2,C4
173,45,49,50,FC4,C2,C4
174,46,47,48,FC2,FCz,Cz
175,46,48,49,FC2,Cz,C2
176,46,49,50,FC2,C2,C4
177,48,49,56,Cz,C2,CP2
178,49,50,55,C2,C4,CP4
179,49,50,56,C2,C4,CP2
180,49,55,56,C2,CP4,CP2
181,50,55,56,C4,CP4,CP2
182,51,52,53,C6,T8,TP8
183,51,52,54,C6,T8,CP6
184,51,53,54,C6,TP8,CP6
185,52,53,54,T8,TP8,CP6
186,52,53,61,T8,TP8,P10
187,53,54,59,TP8,CP6,P6
188,53,54,60,TP8,CP6,P8
189,53,59,60,TP8,P6,P8
190,53,59,61,TP8,P6,P10
191,53,60,61,TP8,P8,P10
192,54,55,58,CP6,CP4,P4
193,54,55,59,CP6,CP4,P6
194,54,58,59,CP6,P4,P6
195,54,59,60,CP6,P6,P8
196,55,56,57,CP4,CP2,P2
197,55,56,58,CP4,CP2,P4
198,55,57,58,CP4,P2,P4
199,55,58,59,CP4,P4,P6
200,56,57,58,CP2,P2,P4
201,57,58,63,P2,P4,PO4
202,58,59,62,P4,P6,PO8
203,58,59,63,P4,P6,PO4
204,58,62,63,P4,PO8,PO4
205,59,60,61,P6,P8,P10
206,59,60,62,P6,P8,PO8
207,59,60,63,P6,P8,PO4
208,59,61,62,P6,P10,PO8
209,59,61,64,P6,P10,O2
210,59,62,63,P6,PO8,PO4
211,59,62,64,P6,PO8,O2
212,59,63,64,P6,PO4,O2
213,60,61,62,P8,P10,PO8
214,60,62,63,P8,PO8,PO4
215,61,62,64,P10,PO8,O2
216,62,63,64,PO8,PO4,O2
