edge_1based,curl_mode_1,curl_mode_2,curl_mode_3,curl_mode_4,curl_mode_5,curl_mode_6,curl_mode_7,curl_mode_8,curl_mode_9,curl_mode_10,curl_mode_11,curl_mode_12
1,0.020932649409763374,0.24244542949616329,0.00488432614607594,0.24255209028618741,0.062398166450842812,-0,0.0063464518052859104,0.032025915957012804,0.026807921065683717,0.027467912218287375,0.1099781217492337,0.00011126790732154723
2,0.01145208975398861,0.036621805303642105,-0.025750220376426131,0.032773501296865487,-0.18048487806455277,-9.4916819978719346e-17,-0.038117803649060769,-0.01535804011440621,0.063745247249541254,-0.060215902001030559,-0.23602209314983907,0.00014506776086491244
3,0.025028726848847802,0.15603816107779384,-0.0056691603509351398,-0.22857751303981128,0.049365216837500357,1.0571261261631455e-16,0.015564791577796486,-0.0040832455106824313,-0.048688370528719702,0.0021841839017841883,0.022685367983478866,-0.00020785263899425206
4,-0.018789662479911578,-0.097425662554806669,0.064625349797699044,-0.0073069089220373779,-0.12119223672568506,3.3378457876214376e-16,0.031188750258659987,0.047563786367514141,0.058025029554839645,-0.036027734052397675,0.1084502812737618,-3.3114432910442623e-05
5,-0.02901420588882072,-0.22228221869563813,-0.010645211696875918,-0.02586990432653051,0.21725708512043668,1.841363929455463e-16,0.04608220829956327,0.032244816633163004,0.013753089442879562,-0.010051833212099681,-0.040056804530829729,1.422682936752062e-05
6,-0.0096095976438687544,-0.11539751462715453,-0.027445083519538453,-0.01357126529467384,-0.027343353618542541,-2.4245463318684086e-16,-0.0610643982922447,-0.092393233332601479,-0.11364291678422436,0.076643373145456078,0.034965126674194519,-2.9595425648951948e-05
7,-0.0058033075542238549,0.070696111768886877,-0.025528102902654379,0.00045105652163887622,-0.023515268495605368,-4.7806489328905777e-17,-0.0052330129530140084,0.070940686543912237,0.093310747459772886,0.1765881731635825,0.11971049290398211,-0.00020611323840018041
8,0.01154489038195744,0.068735450590168168,0.064880398004213011,0.18921190240506561,0.1805428554113932,-1.2176962980907044e-16,0.051690879141843407,-0.024390107633741581,-0.098648218225801235,-0.032250084813772978,-0.065968647418587378,-0.00028092315335822952
9,0.0038988746469848096,-0.043872975219406696,-0.0062558920429038427,-0.052936633458008753,-0.027960359371856466,5.86022819665011e-17,-0.00052164999617103879,0.015553191359946025,0.027717467990659696,-0.11344550516849844,0.22372866725523741,0.0008198627306661016
10,0.0043785395973513289,0.027649645466646694,-0.00063859441429957135,0.11318059304650979,0.0048647423402203641,1.3600086727777345e-16,-0.034497196262977252,-0.0088077665713190006,-0.00038952206719580773,-0.047298990222187906,-0.14793670942418083,9.1014692597355708e-05
11,0.0069136523376935738,0.11923719688986714,-0.027573482498279497,-0.0073548282290183953,-0.071533803433309076,3.2894592849158237e-16,-0.0050925681243951422,-0.021270087741785026,0.0048174459082481469,0.04387431925916413,-0.0195556815672174,-0.00031257312418327479
12,0.014817066811738125,0.16385454179807757,-0.16918299891711958,-0.040510462509132941,-0.12285650695087884,-6.2828134807168048e-17,0.016776697152627723,-0.024847858045193044,-0.0569078264250205,0.0061223251872982026,-0.032239269153595693,7.7281032591313553e-05
13,0.013686189716783384,-0.071564012553842954,0.022961143260299459,0.044965946816273694,-0.050304307031364584,3.3149724211621884e-17,-0.0011021851926896753,0.026102695593711658,0.071214460556449366,-0.029667495608200381,0.18872248698294491,-0.00033030973735687086
14,0.0096128184184507484,-0.12846148256032702,0.026698584298739766,-0.087327778639051487,0.083038088506784014,2.1611385708609488e-16,-0.0089052631052711426,-0.018714528264412639,0.074193814512588149,0.1365579922121718,-0.21253177309184726,0.00018759326976050539
15,0.0092911681845701394,-0.14303558411801165,0.030653512344367244,0.081403510677127838,-0.10115356763292491,-3.0753878978146057e-16,-0.021169949202730003,0.020359066378607946,0.0024433694485814367,0.038271504236761268,0.054258440528848047,-3.451864662208648e-05
16,-0.028034373022576439,0.11072877380445398,0.13991779726964187,0.00010188339287427184,0.067621566218548715,-2.8212186901668369e-16,-0.0091022935987391355,-0.019201789252913815,0.026294897341626419,0.0060369658030332354,-0.025856224147193425,2.8842752586716314e-05
17,-0.013724087909200974,0.17579568070217885,-0.10232636153500936,0.03459145808041332,-0.080345419670322049,3.1132044244777802e-16,-0.019847822655272192,0.071885060019706432,0.039817279275089212,-0.040949020668512165,-0.088665261365013986,1.0065851505036694e-05
18,-0.015154857863319798,-0.2153187580134921,-0.010126422329456377,-0.050713553657103685,-0.146503130612538,1.7317227312474823e-16,0.00086267420324901908,0.13189857960809812,-0.06630490282346635,-0.024415351156662154,-0.08557053227438452,0.00013949413162400726
19,-0.011703718992836065,-0.12663880655219967,-0.018278187988618421,-0.016221407345374403,-0.0060661192799418631,-6.8930761071529123e-17,0.0069219091478843727,-0.13085497926474207,0.081661006939682909,-0.043146412344497995,0.0043151227650236098,-4.2002844304112052e-05
20,0.0015107783150954401,0.069098691029001374,-0.0063814299890431062,-0.072932085586053491,-0.033772509073340853,2.6089579067859069e-17,-0.00012342605989486277,-0.022181885416139531,-0.10915622335175787,0.11707847729634589,0.06624629426496971,-4.4243528969700741e-05
21,-0.012053839182239956,0.20747111073884639,-0.056609310313557273,0.10633426077786516,-0.14095869962662988,2.7653713679241451e-17,0.022593361598329236,-0.11610244370962522,-0.047619202883178585,-0.019192596352788846,0.022413044458932475,1.0148367431683791e-05
22,0.014218206359102092,0.12630141904213293,0.04108101985291384,-0.049883359616031256,0.048228471504284387,-2.1899119308409839e-16,-0.031586189433868636,0.12009827218180152,0.078118463969711699,0.060420068313080152,-0.034462936371449551,6.3954907234820002e-06
23,0.038000498175929764,0.10294088555378923,-0.11886866814935851,0.042905682917564941,0.15621548013728742,3.1544052591126767e-16,0.018108367696927981,-0.0077054014445861289,0.0063930317239876411,-0.084621860568178969,-0.005180261996687344,7.4894160854710456e-06
24,-0.0088637467408696491,-0.071951818679528518,-0.031917424504463762,0.043960377985212185,0.033400056552377572,5.7992905585483752e-17,-0.016838106669442757,0.040798593150320236,-0.074404089843646243,-0.10890767679833875,0.022745314968055104,-0.00090717919049852769
25,-0.0076912919878894259,-0.060891088931292012,-0.047267731631944865,-0.015710369191380989,-0.080416057630684601,-4.632482086298412e-17,0.060613167090587013,0.006702846200622517,-0.025049571171741822,-0.014936942985282803,0.093475008159511999,-0.00014552034661539925
26,-0.0049900023793947867,-0.15494622203074471,-0.021466607374058172,0.13814328568328738,0.038528996875270317,3.0704094809922287e-16,0.0173359789240164,-0.11619883855567902,0.10088538483673273,0.082662140164542472,-0.022920841830980594,0.00036613577147598386
27,0.0087387655102321715,-0.066014595136910839,0.011912109953683421,0.10315789235554736,0.11776262182650929,-3.8686773475252968e-17,-0.011583765413750648,0.14680439315852434,-0.13912788757514472,-0.064426454096243396,-0.042367749268434507,0.00023584736472170159
28,0.022882497833352722,0.13565640480130908,0.1664547724918399,-0.086086891268429055,-0.12554019985598253,5.015750602334031e-17,0.0019240942209927123,0.055504173614280262,0.043957503260981703,0.019276002136687117,-0.013748424738178697,-2.1022358174582756e-05
29,0.00053928616638082572,0.063088674743343301,0.0056602880527612618,-0.021353281425531417,0.047259512526643316,1.362568663520571e-16,0.013523006478306475,0.018672888719389429,-0.033873670333287691,0.0013708031198669673,-0.022449179001262712,0.00016647151702123969
30,0.0024934517074415852,0.098037953103155134,0.0089422809699900296,-0.070124133971006641,0.19469712611136505,2.2137462888891475e-16,-0.022995733969674755,-0.011438066725091456,-0.016328082428586198,-0.018217854395122871,0.09308348516642137,0.00061159225128783537
31,0.0053005553844131664,-0.046815795583694697,0.0026466786512063236,-0.098975864439490302,0.022497414902237819,2.0487622960736771e-16,0.01502885228740071,0.062000790574012268,0.042242740964021377,-0.068141405439667818,-0.035286646531867819,-0.00085761433898339651
32,0.021343379915171101,-0.20255894764427212,-0.034393140273520008,-0.13442826731563146,-0.12661105101544087,-5.3719473397917878e-18,-0.016256352989121321,-0.03568160183313912,-0.013222166071266042,0.0013774508620426002,0.021279917481633541,-2.8025258392056981e-05
33,0.0019070452296183066,-0.00025433668565127965,-0.0041061508680751511,0.014225972717249041,-0.080296893078405374,-7.4058465702037015e-16,0.07149403928818425,0.075049731058458177,-0.030043160097538889,-0.014588716610723543,-0.069872734599173841,0.00037804653773680467
34,0.0046106567307977455,-0.11293401615366253,-0.0074863747810408991,0.14329448038947654,-0.049148477318340517,1.1300020279245687e-16,-0.053025011184997931,-0.038122696331157516,-0.026826234026105164,-0.0080049092401190888,0.047220294862090111,-0.00030059932135568037
35,0.0036958452597917061,0.014031120967905347,-0.026726595529940222,-0.031831967043802076,-0.00030220153905911873,-1.3732711814370153e-16,0.057603574367187105,0.092503418460905359,-0.092790711627162306,0.013810499942017267,0.0072686047786645995,0.0016614966264587934
36,-0.0054200480646040064,0.047172794699836103,0.011025790307730404,-0.11289158267591706,0.072424262081888097,3.6464177433213958e-16,0.18888933554851159,-0.0081920983685627308,0.15716805103942821,-0.013245101518091662,-0.0020675789688539854,-0.0010872643046419021
37,0.0064599762815297718,0.045030710318192897,-0.06078753463887103,-0.00075933117002670303,0.025239724418044993,-8.0483124475526742e-16,-0.12546011329208087,-0.022887994513128312,-0.088973747617357324,0.026023731459001054,-0.0053026547160862879,-0.0025597392050841056
38,0.0065783757980340538,0.11078618732143725,0.053750987464715939,0.082229891406968986,-0.054495355361223394,2.7536141809372664e-16,-0.077627059429503181,-0.019081748987632541,-0.01695738841278541,-0.01552138162960872,0.0037566979063057833,0.0026625725481083935
39,0.016235359010567284,-0.097675220460730558,-0.049043655900257589,0.11920891215049702,0.054744364058818315,2.6162240718280929e-16,0.022745557220533778,-0.049979167721242376,0.074748095156772332,0.017583573738073531,-0.0073321245007282512,-0.00011501222402191354
40,-0.0099616743201294371,-0.098454667197111184,0.066560493958229092,-0.094941242122306119,-0.016516771202934696,-9.4984586985121708e-16,-0.10332442727762341,0.029677059677613457,0.0053314037595718674,-0.037280172758258574,-0.00094292155500842745,-0.0071921770984210327
41,0.002343370305170634,-0.10453502514235496,-0.070549737091804288,0.12636226456128094,-0.026651859935775058,1.0547150401413059e-15,0.11752226445069586,0.020484782191710096,-0.056568318768857248,0.040022924446957875,0.0045564573336429829,0.0081766080600386634
42,0.016556382708635645,-0.12561154756748746,-0.0032312783580706259,-0.030072602282407254,-0.070255716624012782,6.6541438059494253e-17,0.0074770031673118166,-0.17632035411192634,0.0082158097271113617,-0.1621032411785242,-0.039846221414865345,7.5711050249181559e-05
43,0.0090287013672468962,-0.18363801111331285,-0.043285797925319267,0.050894866063722184,0.055042766106980279,-0.033606471628668443,-0.0028248276008873974,0.053304499225664062,-0.002078380638533113,0.036745699668950457,0.0078706939461799449,-1.2452006122694239e-05
44,0.0090287013672468771,-0.18363801111331299,-0.043285797925323444,0.050894866063723364,0.055042766106978003,0.033606471628668408,-0.0028248276008783456,0.05330449922566307,-0.0020783806385335779,0.036745699668948563,0.0078706939461799554,-1.2452006122727686e-05
45,-0.0090287013672473663,0.18363801111331296,0.043285797925321841,-0.050894866063721581,-0.055042766106980293,0.033606471628668685,0.0028248276008871961,-0.053304499225664062,0.0020783806385340428,-0.036745699668950624,-0.0078706939461799501,1.245200612268318e-05
46,-0.0090287013672473646,0.1836380111133129,0.043285797925320481,-0.050894866063723822,-0.055042766106977781,-0.033606471628668429,0.0028248276008784427,-0.053304499225663063,0.0020783806385325371,-0.036745699668948251,-0.0078706939461799102,1.245200612271473e-05
47,0.020024026668391232,-0.14682299676775712,0.11162197059279204,-0.17671872708242922,0.07860818605661582,6.6593583055889236e-17,0.012344510765087312,-0.10852658499192437,-0.030327481975922898,0.065097950112198433,0.012527052815884232,-7.2080876039866491e-06
48,0.03898303492318813,-0.14130947719604606,-0.041351502298708279,0.089416880072984428,-0.19809107939599396,-4.2943431735988965e-17,-0.0087164946384428281,0.07213751752946565,-0.030812189664808438,-0.017355312519790791,0.01586598318840109,-7.2507615364719984e-06
49,-4.6513960921309682e-18,-1.9435333744525931e-17,6.2311620608395131e-17,-8.9710719774971906e-17,-8.8738513654727133e-17,-8.0810187235457854e-17,-8.3797714101343702e-17,-1.7809539596795093e-16,2.1647791429287544e-15,-5.2343366316750455e-16,5.6931357612661471e-18,3.6010643568411141e-18
50,0.067503696205469921,-0.01396102309819182,-0.0032760275350440129,-0.039323898600835447,0.024325091566438521,0.49886932664243094,0.019417284172906193,-0.041864257375837863,0.00016759367114690948,0.017913933252978177,-0.0022769217940653967,0.0055159437858711118
51,-0.06750369620546999,0.013961023098191866,0.0032760275350469342,0.039323898600835738,-0.024325091566438622,-0.49886932664243033,-0.019417284172906182,0.04186425737583787,-0.00016759367114794338,-0.017913933252977906,0.0022769217940655931,-0.0055159437858711118
52,-4.2351647362715017e-21,-2.7755575615628914e-17,-2.0729945537922845e-16,4.163336342344337e-17,-4.8572257327350599e-17,1.4421319645673394e-16,-1.0928757898653885e-16,-9.0205620750793969e-17,-5.5511151231257827e-17,9.7144514654701197e-17,-2.7755575615628914e-17,-0
53,3.1763735522036263e-22,-6.9388939039072284e-18,2.7321894746634712e-17,6.9388939039072284e-17,2.7755575615628914e-17,6.6252818260169925e-17,1.0408340855860843e-17,-2.7755575615628914e-17,1.1102230246251565e-16,-5.5511151231257827e-17,1.474514954580286e-17,-0
54,0.067503696205469907,-0.013961023098191829,-0.0032760275350469424,-0.039323898600835502,0.024325091566438417,-0.49886932664242967,0.019417284172906946,-0.041864257375837849,0.0001675936711480891,0.017913933252977691,-0.002276921794065483,0.0055159437858711118
55,-0.067503696205469976,0.013961023098191833,0.0032760275350440481,0.039323898600835204,-0.024325091566438414,0.49886932664243017,-0.019417284172906776,0.041864257375837856,-0.000167593671147135,-0.01791393325297801,0.0022769217940655064,-0.005515943785871111
56,0.011494699004659242,-0.0040486713145368421,-0.037766082199114259,-0.01079594087686889,0.02499285799452651,-4.252308256222316e-16,-0.024680193533650197,0.017954893918382391,0.21446540873091205,-0.15149374021929415,-0.009553366618238154,-0.038302237512543955
57,0.010636886163999604,-0.003997772196705736,0.058714569543791374,0.011679842674155158,-0.051050540416274812,-1.0120680823116451e-15,0.086951807354026384,0.043350157357549914,0.056259213861400557,0.093340902238543827,0.0059333345655362474,0.027350838600294563
58,-0.037513307553390676,-0.043235428986032526,0.056637796921282541,-0.20871672659550947,0.081965173300701896,3.6983150875792762e-16,0.023293294450511912,-0.039820089966881633,-0.10822516779331279,0.0076275637044001332,0.00060953152883928222,0.0026719575091864334
59,0.00038628338732996179,-0.012426081570578399,-0.0049403220165832526,0.053383325270046793,0.022943564117134909,3.3578909528249404e-16,0.055089126884088839,0.050848448735018328,-0.057421196983141562,-0.037647131534038938,-0.017581781772904485,-0.039892886235933962
60,-0.047145440121418483,-0.03216285872755411,-0.010279470714249266,0.098228358335197372,-0.067433784724500401,3.4760978160296776e-16,-0.054312110988847154,-0.04772523512424158,0.11626167914478759,-0.11013792454594967,-0.0028692457255108175,-0.072469912317462734
61,0.020794019368450808,-0.023615931577676642,-0.054334987424569547,0.022873795282539792,-0.020565621761054496,-7.5299648323812418e-16,-0.000983164531290227,0.097524691523426563,0.014747240383057629,0.088257524635704798,0.010778788399922773,0.12489932396712235
62,0.046263182956996732,0.004651885737110114,-0.099548573774387333,-0.059678486373398731,0.08863656484521612,-5.9148245133039612e-16,-0.032411893738986543,-0.085096223537239279,-0.0046643802000062538,-0.025919552869051343,-0.00062732490218872505,-0.045221894071315077
63,-0.043776179323239038,0.01063552766045713,-0.0064410135390608227,0.02421363880463193,-0.011127584470091934,-2.7423387938163739e-16,-0.069614251719275391,0.11813687691779377,0.040826279745582082,0.13464185095559283,0.0034034598791105423,0.067175197370694439
64,0.00029639386044065779,0.033904964484374592,0.045479332707307932,0.10901138636686639,0.11208487794038882,1.7056011753538424e-16,0.012108603763110286,0.065561218816421699,-0.0035524739400035477,-0.062178684395162852,-0.0034557344958652553,0.034916849396457554
65,0.019268516855960333,0.016614026719250326,0.030146764044716286,0.007485258130050328,-0.077046217741574649,-7.340258328594831e-16,0.04816314981050844,-0.08010981426697214,-0.011427699646185001,-0.033830362207840831,-0.014783247056083368,-0.1259831199046916
66,0.041812813956200089,0.033207814690071141,0.038340151778960573,0.0065827760496222649,-0.10651340738908546,8.2115482932554173e-16,0.073756372954268568,-0.028471424362307395,-0.043965477693919681,0.001539584722306973,0.0069437723717755157,0.014011598050008508
67,-0.14523361335666285,0.0037614448211160528,-0.010097078546549804,0.049481902622768394,-0.0083919051027411262,-6.8991247292181108e-16,0.12783751912079055,0.041263224425004942,-0.031614010070955066,-0.030339794349288733,0.00080733581967329425,-0.052137839417549722
68,-0.074911242255606872,-0.031522823574184226,-0.031558631995318241,-0.042581743355858355,-0.073933411876322075,9.3219955283550096e-17,-0.070649944214278962,0.031122041307474806,0.0065253243565996169,-0.0080028479979385118,-0.0012367978182009334,-0.076252936899899149
69,0.029715412563882743,-0.026570943581258361,0.041838635400004667,0.044462625027052213,0.056144080096962944,5.5082692711042773e-16,-0.10083986085733077,-0.14038868990815109,0.055170610371118145,0.10183487645010875,0.0064664575699898705,0.3007759477507978
70,0.061994516050338386,-0.010430437718802926,0.039734387809835292,-0.13763751374964245,0.029585040988209625,8.0132322718309868e-16,-0.056980782306791558,0.098594976002342349,0.018780866440294273,-0.031360743988838154,-0.0048932498890230849,-0.17500792887093075
71,-0.12378491470318788,0.0095495791223050575,0.00024455496679750069,-0.023235584534911619,0.031048162380200018,3.1184674940411794e-17,0.051395382576991222,-0.13847837973096846,0.00066249544866225918,0.079027115246830024,-0.011527157652305969,0.033538202039929493
72,-0.10756764040194484,0.026956479395085102,-0.027927437395416983,-0.037048906495457973,0.037710742455563884,2.3349135045901058e-16,-0.051605125556897322,0.068789452042134394,0.031332488747885724,-0.033527409698400346,-0.0015362329319842248,0.017842844826946175
73,0.054435243736797992,-0.0036949465435807175,-0.041071726023508254,-0.058300046898982744,0.025506667332184853,2.080678614012953e-16,0.081985301399373905,-0.067122018453522517,-0.058364338632266574,-0.0033778271485911675,0.017579539488195198,-0.10402003474258856
74,0.16669109042261118,-0.056971713349077004,0.052105474835487338,0.089418643350449745,-0.054007294137813223,-1.0550074945602779e-15,0.08489652904713578,0.094345655815685062,-0.0049094682929411507,-0.036633806243171502,-0.0082626566723627351,0.011533036029905391
75,-0.0074257787606816887,0.023250964512350331,0.036559538372855735,0.058577015330556814,-0.037267476267215133,-3.0954254070795438e-16,-0.015133541930620026,0.04104646008706607,-0.049802579648802719,0.085894534889012122,-0.0078412250925834707,0.018224167007564556
76,0.15883903563032825,0.030223426666523105,-0.092961957576984985,0.036111423859505443,-0.0192824212727008,-2.8363400899001646e-16,0.0010916534908399912,-0.053023324668420267,0.023394199467234832,-0.0038825043570586562,-0.0023109219267669822,0.010378416582535176
77,-0.17758046787309623,-0.02065739281808196,0.079024858129674219,-0.17679478187682929,0.069697631557447542,9.5801667008597743e-17,0.082997536002998293,-0.078296938493185794,0.020385515159724678,-0.026508889866692906,0.001720223331475001,-0.0030838770592365701
78,-0.23262509611067791,0.0046546269578972167,-0.015825828888656808,0.13751855535352667,-0.030749754770208242,2.7866336743741647e-16,-0.056394833332040213,0.035523938095247343,0.0063501731282104637,-0.012303891924386284,0.0014586096237004984,-0.0030123920626759122
79,0.12047672964172228,0.010666903090526087,-0.0021828536482957472,-0.044849960284124399,0.067420749039605279,5.0819923478665572e-16,-0.018345861760172694,0.062987464962882392,0.016352468950008026,0.013638031849912262,-0.0095661851240350648,0.056230919033788046
80,0.076230799582118092,0.059816610487263971,0.093929356721591112,0.021464606473235739,0.047988382052808046,8.8787620445709191e-17,-0.032947378942646141,0.04074668325214513,-0.029993945371920707,-0.006152443813398278,0.0031081582336814594,-0.026620804339763004
81,0.015456454687125191,0.021169259665704078,0.048485905785593329,0.099583850579771108,-0.10084048635066629,-9.6936352055406469e-17,0.051304574859443827,-0.09606263163292697,0.027987718076183069,0.0066356744085221773,0.00067013003136242666,-0.00025775101442478815
82,-0.12006858709928489,-0.019295174994884201,0.01336462067808767,-0.09812463121781248,-0.013034590599872378,-2.7288628282768021e-16,-0.1078768255097837,0.11469422542585359,-0.018657840043948964,0.011266791093920673,-0.0021375592292924993,0.0039338810508111012
83,-0.20708881597430698,-0.022150154341174552,-0.14496492855953777,0.04345424328402854,-0.0010907879535260448,2.5818447431476768e-16,0.041126823865641246,-0.012529829878753659,-0.014158492511238619,0.026979071651654894,-0.0014520019362839203,0.0027807671040993671
84,0.076285546510030638,-0.004942293607324514,-0.0069743219992856667,0.010483910904186419,-0.021108595962104602,4.4051168808353922e-16,-0.078019552099471173,-0.063302152421801844,-0.0090132220016689822,0.032812780937243637,0.018591912976837623,-0.3190172539551836
85,0.11945667578927495,-0.0075595457971538819,-0.11441022273599954,-0.1162012655615156,-0.051583212085769284,-1.3432980568640446e-16,-0.01455395706721402,0.081138733115336828,-0.0048737433568936915,-0.015184020486812996,-0.0030168722879099861,0.076017099853896986
86,0.063097544453935686,0.018174399043763056,-0.04639062450882199,-0.0039029720221313395,0.072403391270641271,2.9903475911027655e-16,0.086654658082447406,-0.043872417545120723,0.0017946195001383308,-0.019253908104106827,-0.011109406069735418,0.12933651807512223
87,0.014977402449178244,-0.0055195185468930475,0.008329657659096032,-0.008690363283163232,-0.045270447481336969,-1.3023920667417146e-16,0.023574497403284506,-0.034151534675910478,0.043138170667637282,-0.024771286750762629,0.017951560988380272,0.584093509999972
88,0.031203255449850521,-0.017690597363149978,0.046680521915885322,0.046835588388899348,-0.062294193432311441,6.6353701798998574e-16,-0.052167569172488798,0.054620333692636101,-0.013024863975261886,0.016835353558064647,-0.029960405490074733,-0.15072829159496468
89,0.06258012488517628,-0.014171057832548163,0.023931316755451904,0.055510319498380548,0.02460114834103181,-1.3751619750520279e-16,-0.014685481817003739,0.006494455470680522,0.034893685190932638,-0.0095894935478514909,0.039087546910909793,-0.32869215879957092
90,0.044396869610754675,-0.010273774969394842,-0.0036884196505147498,0.044375380845803634,0.062057075038885204,-4.4315172802039724e-16,0.0090375572796709269,-0.06205743301197323,0.046524650226759875,0.1308609628236837,-0.014413064124409963,-0.27503575772713607
91,0.11983079096200623,-0.0069250373412996788,0.057196044263595591,0.1153456401986345,0.11401948547116535,2.9650867740881882e-16,-0.047613283840019338,-0.0086897891732788321,-0.073836195973563404,-0.077500369334115998,0.00067434109379421302,0.19857127734367644
92,0.02184200311314333,0.0060161680460867444,0.013503871479853866,-0.047577255704869093,-0.0089988452992269125,-5.0164823010299925e-17,-0.042071672517861085,0.16157914379928279,0.10507766428309738,0.062193838400100121,0.0030351197367693822,0.17594144148485577
93,0.057249292224707364,-0.011456105843281418,0.031345340569978279,-0.014874144182218781,-0.056954633479109236,-1.0507977921578648e-15,0.053863063634027042,-0.053685819642659463,-0.049335698711623244,-0.055480450522812329,0.0072373904334329768,0.097570261059528055
94,0.037943159386078479,-0.01751192332692765,-0.020973389960753951,-0.053517423733127505,-0.047343767217420174,3.8563828118634563e-16,0.0019823092595453711,-0.026035005573736919,0.0094966122733302835,-0.0084182561890246976,-0.0012186577270057769,0.13449008264708834
95,0.037751822665453752,0.0050869224598047783,0.0046602012599227249,0.024239252309141222,0.012268324227682488,1.0898677652798444e-15,-0.054930182329823087,0.11541591416268315,0.047767083377548314,0.057298801641731505,-0.021058294381110367,0.050503352622604483
96,0.1033694328107357,0.021098348650313438,-0.0056842298596101598,-0.07807662994888713,-0.10143820550308991,-2.988648965840075e-16,0.0020354198547550273,-0.012784084570311209,-0.0043441409636388456,-0.0026495778303112522,0.00044945609739173095,-0.056500498754019905
97,-0.017090484237039759,0.0042319065166557673,-0.020892923692282621,-0.0065693888362920658,0.010055947094695882,4.4785902857738384e-16,-0.044573074725269661,0.16771017831043775,0.0084092430560666898,-0.063014756469609745,0.031296818448114647,-0.056171510408842266
98,0.063174357287781396,-0.0014208503319854322,-0.015600050518721717,-0.046615624602678846,-0.05910788101268849,-7.7258285561437819e-16,0.044988367968658946,-0.0098186607322085818,0.03021657736713404,0.048725504075588323,-0.011851871282116806,-0.056266943652463437
99,0.2309540425138718,-0.030910843197849151,-0.017980389939642669,0.0018591755027583959,-0.022616439078171818,2.4286873937720124e-16,-0.03072185082340283,-0.0085282344721879441,-0.01017449392323691,-0.0086659105217240275,0.002804823509324551,0.0078370087977643454
100,0.034846484767207496,0.010796050253397483,0.015826581793299984,0.025161528089214378,0.10466887303594954,2.5787320057240122e-16,0.08920546665848543,0.043599640845893045,0.12377135085269914,0.080208890033317104,0.013948755798674262,-0.14156393534532666
101,0.11048891728975882,0.034546192661664907,-0.0067431980449762161,-0.086825184441290851,-0.059743111078495684,-3.6456431727766844e-16,-0.10145673456908508,-0.024941724871388463,-0.01510932924107148,-0.020065653192241423,-0.0020148260109164361,0.024113367284195632
102,0.059242486738880683,0.0090949748362978942,-0.007099384839105433,0.063513859079565083,0.10023526628215666,8.755349393212165e-16,0.032405338864347717,0.057834089457247322,-0.072430841927253464,-0.026121638593531261,-0.0042700810271128729,0.023449096307600302
103,0.1293836159836316,0.011188146901560898,0.032238207031551031,0.043657905183965985,0.11059158544289754,-1.0101757898058087e-16,0.067050790799651108,0.046556546245668441,0.020177549376563776,-0.0018300266660248865,-0.0051526682047820932,0.0007791257363432317
104,0.10428850695461868,0.0079939123142527789,-3.9798021728771737e-05,-0.046234538670797881,-0.12893872598750517,3.1400874200141615e-17,0.13454137725917281,-0.0037535367946691552,0.040342664716243967,0.017289559540781471,0.0049728861522820309,-0.028316174447750857
105,0.087548942889479786,0.0043664520146121117,0.019539936668741154,0.018391547223114972,0.076489412535944157,-3.2601852611831218e-16,-0.11297619741694362,-0.030495903080904659,0.0152873771898232,0.033324914069721573,0.0034004637602434301,-0.028223051696725864
106,-0.0012790095150159839,-0.02158810652930445,-0.020060355139507845,0.022159493735262419,0.012677862606244383,8.9734380632273535e-16,0.0026205234389092779,0.076321197444006908,0.016240631822615283,-0.0073460748683813939,0.0019642006777223549,0.0058030618680457707
107,-0.0057446997992927247,-0.014382553179768741,0.0025353699882000175,-0.019389141216168793,0.0019300320243133134,-2.7342977862560958e-16,0.053659601458565895,-0.0018372480797048127,0.058582361172799746,-0.0056739815255806084,0.00013258390386376977,0.0057198016928595692
108,0.23646878705992616,0.026037307737377238,0.052389278196501091,-0.0090470475963080645,-0.00976664081025495,-4.814945271087549e-17,-0.056700105160207973,0.0072548570995627018,0.023122508063551518,0.0036133873954276897,0.0043419986468274038,0.0008948856862384157
109,0.13089258075188456,-0.0097893443245922612,-0.020606475953285047,0.051793775763938621,0.083133892544422827,-5.0937388579460729e-16,0.036748920238981471,-0.043710494690384571,-0.08794244560563956,-0.0010892681892145399,-0.008786627923871063,-0.0038016147130361779
110,-0.0042315929111820649,0.0042547494244088912,0.00919077766062254,-0.0088621500506431868,-0.00028974931892953443,1.9451397686553202e-16,-0.012392462378319773,0.01517808157852513,0.031956205516869382,-0.017142592599468508,0.0044512909232075877,0.00018378449558321914
111,0.10982124936928626,0.011963389074533586,0.0019479021539352422,-0.044346459993656821,-0.025041548429486173,5.5240209184758795e-16,-0.12650965145753831,-0.032649913540449715,0.0027105767348716177,0.0025825468538629975,-0.004529022731613575,-0.00070351598769703043
112,0.10790875827125761,0.0047338599476706945,-0.037982031020770565,-0.057691619332526846,-0.15067267671134099,-1.6191902375619643e-16,0.17460727996485503,0.065097767739873982,0.0068071850460468021,0.0044378772257643046,0.0049999926274939101,0.0021199861966043594
113,-0.012938577259558909,0.035136273828907542,0.09657512692644718,0.045695634379939176,0.0064778548949110532,2.1793271263118025e-16,0.027378614088825016,-0.10448049103529011,-0.010447567457161817,0.0082659117751825249,9.3122211287498084e-05,-0.00080501220537750192
114,-0.00052261684895904634,0.010217054501052338,-0.0014492426563877739,0.014813905973913523,-0.10839725638947312,3.4174971477189178e-16,-0.0052348872636703309,0.034102285482166449,0.071893877631407893,-0.011718845742582473,0.00029833085547289735,0.00034873182672626955
115,0.065906436422701414,-0.011126515356109324,0.024425679768584344,0.044971118821691386,0.11749061339817836,-4.7786615481639737e-16,0.054535764875021306,0.04849825065625421,-0.12842060660196405,0.0042550288644272417,-0.0027276972640918684,-0.00091279718378826859
116,0.099826349290827454,-0.0097239302125963906,-0.046898958774591881,0.047757306440095057,0.061953263269202384,4.0287028926326e-16,-0.064678636313082405,-0.033503656860894473,0.12835711645614006,-0.0097797191373640915,0.0067206317888957971,0.0022409573473319497
117,-0.034481248002115335,0.022740427276818052,0.028199136291249552,-0.0064930187319903838,0.0079091336051771086,1.5529082210952446e-16,0.040280007407892358,-0.067725595257853308,0.01847341103709689,-0.032086235708249568,0.00018863804663194232,0.0003949768927136864
118,-0.16378484390329762,0.026724472511902613,0.20454531602555001,-0.066836680378634841,0.067554891290508276,-4.9092356398782958e-16,0.054167471107566194,0.10038329072594458,-0.011142534191657831,-0.0042671991444089268,0.0015250656180321887,4.3096558962583422e-06
119,-0.11232154032652716,-0.054281193772779276,-0.043779846582590425,-0.15589407960407733,-0.012323129043199394,1.8739597980892865e-16,-0.09194815393341832,-0.10074089957071354,-0.016050769186825097,0.02937724785506864,-0.0020379173511941404,-0.00035429476241292219
120,-0.1882164092933408,0.071380277357461636,0.018326479556154324,-0.067831134324190273,0.015063586408078276,-1.3822688389733986e-16,0.027124734625992238,0.057600492950427143,0.011316074978693014,0.0049372136660647929,-0.00029357010795010626,-1.6630229202087982e-05
121,-0.15653367129357859,0.030403923910640913,0.044134173654424985,0.14768368143878802,-0.016316865009542776,9.8488429325242017e-17,-0.071284700267195994,-0.15899102639301149,-0.04030809529959041,-0.024324950912228839,0.0019981850941633685,0.00010096172275754915
122,-0.12944507950018075,-0.096539301374561792,-0.19505227436752481,0.094627232790967575,-0.022678130517092655,-4.8314764886777809e-17,0.069171963582696658,0.056659046401224662,0.039657111974966019,0.0019766812651831264,-0.0015093692521648029,7.9020440581687289e-05
123,-0.0094030737500376948,0.0077294981984247085,0.029023293212197786,0.0018523916608429031,-0.021703518874629308,-1.6963235116281216e-16,-0.036203875585604728,-0.05623208411163113,0.02345699697911453,-0.12036676022400136,0.048713513953336174,-1.6941191201901669e-05
124,-0.026387428708264056,0.021199414440524166,0.16906703394324563,-0.033073916218196733,-0.095725391084057143,1.2818613359146398e-16,-0.036871933894937391,0.016937900756855351,0.0012020939366857615,0.060343649400270621,0.095024226476082566,4.9025913494982469e-06
125,-0.018475729326143588,0.018366365187901509,0.028848453967060601,0.029445250620141031,-0.0014000804762793334,2.1705207936151183e-16,0.069796289449852389,-0.0036351242363649346,-0.078379588690894189,0.020161188491486511,-0.18605092407997076,5.1271757382171713e-07
126,0.0074421962819581963,-0.033992166577202984,-0.022395634055162275,-0.0054287515919501355,0.065258319927829531,3.3528893020137348e-16,0.025365976690610172,0.071291304705740757,0.13804042467155991,0.0098711540828797795,0.1249072407771204,7.2542019550116826e-06
127,-0.01687831488078045,-0.043859682756924423,-0.0041990077877598862,-0.0097246668551374069,0.10455434111867623,2.4609558148256512e-16,0.037447327029378398,0.015846330655422711,0.014227670714496918,-0.12142003519366285,0.054876018089384811,-5.5487952367571638e-06
128,-0.010120625890357428,-0.043120535016490491,-0.022763093740434157,0.013805718678473558,0.11066843826084639,-6.1996077754126795e-17,-0.043578335835860744,-0.025708966601976711,0.025969626767488416,0.071603508682229589,-0.0096493746157339921,-1.0415705770399589e-05
129,0.015402471240799624,-0.053048830981642044,0.06699822295555663,-0.034311712239259856,0.10706440014901801,-2.2460987805943968e-16,0.055894935036226605,0.0055977110064744252,0.022204880835040068,-0.12409467039377479,-0.010662892063486435,6.8513324666736502e-06
130,-0.026820810108521349,-0.074523671742155989,-0.021658039912040863,0.0062131477502364325,-0.12673361328273297,-2.582054001590669e-16,-0.039885593515786098,-0.019722342538388744,-0.025192091895031368,0.043492603469107022,-0.025907041987657906,6.3988067060668716e-06
131,0.0036308340441648154,-0.032264582253265776,0.041051910527803208,0.0020303613023280823,-0.040731634326001888,1.1565230780130036e-16,-0.026556150066657909,0.01200622513636701,-0.035943060402153941,0.044579724322153923,0.39860881521938502,7.8316098292971134e-06
132,-0.015794760437772521,-0.024002572935120547,0.007680736945726992,-0.018158296781678143,-0.039420197619980293,-1.2892037803820618e-16,-0.081879184361319274,0.00067044488555368341,-0.096534222997534433,-0.041065097963412782,-0.1558760451848189,3.2021670963010979e-06
133,-0.0097276972608391424,0.001950749352378189,0.059083159643509006,-0.012959217207515913,-0.020458245661062944,1.0655134546793822e-16,0.004095727700391856,0.052302532680597556,0.056479805762168628,-0.16299628821405038,-0.16491488579530506,-1.8193877494031112e-05
134,-0.0094724799177879331,0.011794507135834822,0.056724103825677157,-0.0081496993139421499,-0.021983868519920659,2.3953522954251132e-16,0.067140899431079953,-0.010086368510337972,0.1392282318865446,0.13533942372483093,0.0940488173384295,3.5493609779554155e-06
135,-0.011901640016809396,0.019861630383773074,0.00032811521276962519,-0.00556173107252644,0.13142289616158492,-3.1242037879870801e-16,0.037774100430946582,-0.022108602779902203,-0.047800989597842181,-0.036934147662914002,-0.021966457012223148,2.9645357032840811e-06
136,0.017517503181357259,-0.1113776450249889,0.16298152313534692,-0.032860927458685345,0.017379253790752947,9.5062718024350065e-17,-0.0028976252005938081,0.0099052584781529618,-0.078727752183169242,0.1348109442511729,-0.098247155467929795,-4.763771088965921e-06
137,-0.004606930414896764,-0.052153163205859013,0.045670663713518543,0.036251309241900453,-0.037625315031122437,2.1046372641509343e-17,-0.021817861411658576,-0.01169686662226356,-0.0067061220860669749,-0.14550942320859894,0.051325444664096886,-7.3162621466835338e-07
138,-0.014054998941990107,0.010352114947017857,-0.074547825119378699,0.010321744004929483,0.084778213664055913,-4.4091746297177081e-16,0.014748176084968784,0.018644150174831717,0.080470182622254485,0.25479121792502413,-0.085287726170783396,6.9891762351476203e-06
139,-0.012456027187542251,0.034053999447091941,-0.033737827563963013,0.0052069597073486056,-0.033003752942583398,1.41862134354272e-16,0.10760799250074143,0.022797568598173178,0.002906885270837968,0.020945683247451118,0.25084538530082801,-4.7478323765642004e-06
140,-0.011365067809262558,0.062105941754883182,-0.053229263411094137,0.026362245105449482,0.037008323977462267,2.3768147460095075e-16,-0.097978878426124336,-0.056987976330868932,-0.086296215949415833,-0.12869400071917902,0.084272568197468534,1.1826750777231771e-06
141,0.0077807813432427672,-0.0036712383177178176,0.11216353380537375,0.088049022681829084,-0.089177897351181895,-3.4046639266063055e-17,-0.008408604441412797,-0.16721188839618278,-0.01339447633170208,-0.0713192006860522,0.022579481978987723,8.8470883123029781e-07
142,-0.0028061353744330804,0.073121872547755373,-0.090960177137737463,-0.033295960408120169,0.030232398303288249,1.6059330131488301e-16,0.028453031618468613,0.11739554556403123,-0.026532810737180623,0.10840838475048506,-0.037869378965170647,-9.2415221105573726e-07
143,0.0091979010201828516,-0.0055366292064082806,-0.0016428380381121703,-0.13748744446932537,0.1055943108479423,-3.4369736717060829e-16,-0.047983156251130567,-0.19950638094858569,0.046256677665962254,-0.12660280299704668,0.019565658333208821,7.0220348023992182e-07
144,0.017853712782796127,-0.034978884317510714,0.26873097819975633,-0.0091122064155831767,-0.052179697980151547,8.2696059026940048e-17,0.027837589860770548,0.18843219594127769,-0.048438555655117718,-0.032363533175643958,0.0025016563519494341,-1.915255257113255e-07
145,0.014971400567760074,0.016322697480577131,-0.0022216159105645159,0.0080465868682769049,-0.015755852658072673,-9.7299136035330998e-17,-0.0075047167198342667,-0.14456601619899759,0.036578383651241997,0.2131651539119172,-0.021423716261735889,-4.3856600372507454e-07
146,0.0091043283176393229,0.0077700001243829753,-0.0059357873551722715,-0.034415081498743449,0.084365508377907766,-1.7816373300486293e-16,-0.017445859915504423,0.10725411770607964,-0.051299587535892248,-0.14390263847017348,0.038436237106568003,-3.1472020806227997e-06
147,-0.0034931360977330365,-0.059798622511226467,-0.1061476911058299,-0.03395569667842617,-0.06682345771315526,3.0661306510778804e-17,-0.0020737360058328928,-0.069115612121233183,-0.04727948633419729,0.051573630632243649,-0.0055311507197089091,1.065225137186174e-06
148,-0.0011007850817891997,-0.0038849507829168445,0.014155391646652957,0.020143176771242076,-0.0066876151135608084,2.319160657243061e-16,0.0013854742863377584,-0.07821406824238869,0.16529585418192477,-0.012983818152606269,-0.0096623735323344978,1.1811325932088203e-06
149,-0.0027255719072623776,0.071345653305248322,0.05099573535201847,-0.086304494229617251,0.087346958568916458,-2.0659979755204419e-16,-0.023213864409321355,-0.053732139349275759,-0.053699035469120783,-0.058391015464624371,0.00977901117761046,-5.2730595250048001e-08
150,0.0079638985801177287,0.012016293654847385,0.021332912307635371,-0.00063404293359103046,0.0052610481462864733,8.8847033087533737e-17,0.019088330291137309,-0.012866370200857673,0.035929090728715328,-0.051281380791433039,-0.14385825867851457,1.963811671326773e-05
151,0.0071701644917943515,0.020237239807611544,0.052724333757004666,-0.00069379018026155862,-0.014551702514984298,-1.1883496838493262e-18,-0.094505549068486308,0.087280159013022135,-0.080758147338771541,0.18290233829528929,-0.24694965772102237,-3.1941046302977902e-06
152,0.0039618875323401094,-0.023870882780281717,0.058971773702831215,-0.015261719767275141,0.066804429932200204,-3.3681396190267987e-16,-0.01630604236003156,-0.078376925219173305,-0.07624027610085099,-0.0097656955171372059,0.18373579454265354,-3.378523351133542e-06
153,-0.020153402239027229,-0.015979626726651541,-0.024871673096470467,-0.0035905904119845522,0.0089830173541744496,-1.4304830533766337e-16,0.025039414975249183,0.035727453031815772,0.18228212922479953,-0.011606423263128822,-0.0082713380295729999,-6.8065036033767082e-06
154,-0.019687979427349983,0.0017165181807545955,-0.18096022219982483,-0.022071490982379878,0.06322673150430641,-2.8901113635224069e-16,-0.017893022029723635,0.094804396141658087,-0.12857642442506448,-0.040425357232152258,0.012615925637422087,7.8515612235560348e-07
155,0.00023841271080799094,-0.0041149730409366231,-0.01731369435592172,0.0061305496976741041,-0.066199039786890526,-1.3537289276548043e-16,0.039812600934852109,0.024887280661360981,0.077041311365134979,-0.11036080155011234,0.043585765783633892,-7.7325074799607096e-07
156,-0.0011898245411046458,-0.012276334565499186,-0.08842541449703703,0.015761164941604275,-0.12828226811992563,-3.3773156095892155e-18,0.0045842174343614511,-0.053944600548185756,-0.064850670555398504,0.11679021586302597,-0.042720981248588683,-1.0882500657946777e-05
157,-0.0059570322449491332,-0.019618923011336512,0.022261970802298792,-0.0010014008046111333,-0.045452151997031232,5.6759479550762873e-17,0.10755836895034593,0.13457109689086955,0.12067921082124689,-0.20751734693192328,-0.065045212397860333,1.29190830153985e-05
158,-0.034132191901541542,0.0095076013299338451,0.10849734252580064,-0.023063466518189003,0.064998896163754413,3.1023206050848918e-16,-0.061048730343074682,-0.06300238846452029,-0.062746161764292888,0.051248550330084262,-0.019654373297834381,1.8318819392931784e-06
159,-0.0014346327391653612,0.0121167737325268,-0.027357355220461847,0.0086340501691137359,0.0029782749797394956,-1.1337972731698312e-16,-0.17580466958803176,0.084859161320474483,0.058099279260282237,0.073801226012504578,0.22479456403575898,7.5019608592589472e-06
160,-0.0063122088963770036,0.017264246157295701,0.023968389078835473,0.017261521312856985,-0.013937280343225278,5.4316766553969089e-17,0.017753382797511041,-0.038600402221787622,-0.051993355062518579,0.062578358712770316,-0.25336101410820061,-3.0056433914208043e-06
161,-0.0056821288889054508,0.060641695767570399,0.042294445957292294,-0.0022462661730507194,-0.054767281480847335,-2.3345564627423494e-16,0.072520359661842226,-0.0011656642655106613,0.043109255765728556,-0.057192624974446112,0.0035239436709512285,-3.7316367904507552e-06
162,-0.0059555295281735251,0.026967316563764068,0.013862235293768449,0.014712429031130993,0.0077530338071759367,-2.0735249622443544e-16,0.012794367151592857,0.045413325917199578,-0.039964121156377735,0.28041372712787471,0.17272503678417672,-1.4479390434223114e-05
163,0.0054616502441499912,0.0028766485258972813,-0.027881225288575825,0.026636958586710516,-0.016613744587598171,-2.3084910325349884e-16,-0.13024657770359421,-0.021619296616055553,0.15846522717875372,-0.11455534383972721,-0.082987959794704635,7.7957473070597695e-06
164,-0.0043961820937755804,0.018322758677790346,-0.018350176084500472,0.00035497032504615972,0.012710813865699461,-1.6074857136372639e-17,-0.10084179358750973,-0.065055124035971912,-0.18437409805836005,-0.042179720138613028,0.063573023954167765,2.7657754234691355e-05
165,-0.0096360359192812425,-0.028464654216650849,-0.083085488425421544,-0.022870873904696033,0.0022687999361215381,6.0796612281761266e-16,0.084847652416787517,0.050067052727214331,0.011320611143025582,0.029978631063082063,0.0067970248313073559,-2.1390115202941408e-05
166,-0.02851557979497114,0.05411820568404864,0.032041925036528404,0.017585618606111551,-0.041233380867504998,-3.0203424891753677e-16,0.04807971732694391,0.025234063176784435,-0.018997545469352572,-0.058240014498119594,0.028960637482490965,2.3872753869683995e-06
167,0.012529277770646389,-0.047152629626225004,0.062126027533538908,0.023048486109626468,-0.011750871632834559,-1.2551503776784182e-16,0.0067805713882019766,0.015120888865545728,-0.036378882052120996,0.025844300074530379,0.06194087915289908,-8.6688453057283876e-07
168,0.0017234188871658855,-0.0062238191283820812,0.024896416307666584,-0.024923274943636355,0.068152283899459168,-8.0134034804536164e-17,0.066939787824272234,0.022652143324778013,0.0078578860229731179,0.15810475781517386,-0.052846911814620791,-9.4648650177777197e-06
169,-0.0057443200740445143,0.028808705494546095,-0.0087281594982660197,-0.037926132995490372,0.0013685054401982172,7.5527396913343686e-17,0.0034900817448430821,-0.16385277123199055,0.10938324465760457,0.059023612115881932,-0.0074995105862814895,-2.2957601902751264e-06
170,-0.033767139008548469,-0.022266526015946066,0.094615871463241963,0.02758431395318061,0.044600848018427994,-1.0918080806774532e-17,0.042709692956179164,0.010429050110019216,-0.069698233671647597,-0.015208529957538804,0.001605410698950125,3.8406967030541524e-07
171,-0.046782850950681208,-0.018694621702495681,-0.07636780860494731,-0.032682315960178371,-0.080044278521357509,-2.2650496485984478e-18,-0.036203108747736745,0.082267236744818034,0.013573924670999805,-0.010839338957263613,0.0013978753227060136,3.895693800164959e-07
172,-0.0096707324266262738,0.030827273980691967,-0.0097697897373384239,-0.11468187339468988,0.016549501354217074,1.0081427999427819e-16,0.01958059262226269,0.20100860345213384,0.056653979397866899,-0.069192830173402359,0.001144468684577394,2.8025099117669899e-07
173,0.056661288670999919,0.0055085050698747556,0.10239730657715826,-0.018247340007531348,-0.088767431582377043,1.782293130158402e-16,0.025948480646864402,-0.088227795587167993,-0.018206292392402457,0.019533208027825391,1.9947493808621358e-05,8.4773361090737399e-08
174,-0.018373533020048356,-0.0031294475955661177,0.077044935286243274,-0.00038736328117277771,0.0050743550516492292,-2.0822011098177229e-16,-0.062826285027960824,-0.028936535215109305,-0.0073152429858453008,0.0050999987847348341,-0.0017374628309563215,-5.5703795283335543e-07
175,-0.037296395024711528,-0.041544942880127493,-0.076474463977744725,0.084349923061182761,0.072871499027303138,1.7431405684418093e-16,0.032117335621061741,-0.042674520041299999,0.066531674739728042,0.017810526916321609,-0.0014712554766741792,-3.2898339981537019e-07
176,0.079558629332990502,0.080127033124260533,-0.12121584074395127,-0.060617217765480846,0.046265008006354261,-1.866512796541265e-16,-0.0017461154484077895,0.06714256398874005,0.015114169639167483,-0.016395864814079376,0.00018548479216575105,2.7608941227728716e-08
177,-0.052388284107411032,0.10405694761350236,-0.061584638856159613,-0.18646838671072624,-0.045412482154775037,-9.7905773296041987e-17,0.023690922349642006,-0.052624825726678877,-0.0075163142922468748,0.0056818315175487938,-0.00030652305485942793,2.6626343881236392e-07
178,0.00039179281805974816,0.052958867938094567,0.061092584245521185,0.039772694613523805,0.017973644986830621,5.6641373925989179e-17,0.027636177474806803,0.089140087078678071,0.015740266517704906,0.0023927253622620329,0.00021838523288367911,-1.6784110338571498e-05
179,-0.008980206991974618,0.022215321689417707,-0.015114093507606344,-0.054696877454137503,-0.016673600603270305,4.7799811190304188e-17,0.017508475171617438,-0.076024910266173792,-0.15987422096224155,-0.013807987066235906,0.00028846354229321303,-1.2799716915033277e-07
180,-0.11697274540020744,0.083301472976226421,0.084852764342453937,-0.052027361786627417,-0.032915335693527593,9.7061844333308806e-17,-0.015502782221220215,0.03053338551830035,0.078424999836870415,-0.0036435646011755869,0.002363791781178055,1.6028271263453285e-05
181,0.02142399625617428,-0.026855820663653864,0.040337497058477931,-0.05254719679795368,0.053851657212099974,-3.3006663643398467e-16,0.0015686373274633632,-0.025640786083895511,-0.0030805698243686411,0.013024852012156321,-0.0030908305103368719,-1.5806978938025359e-05
182,0,-0,-0,0,-0,-0,-0,0,-0,0,0,-0
183,-0.11163861844115799,0.031550485101037702,-0.041876302912515158,0.097667897510601176,-0.048718611832906655,5.0169270251113241e-17,-0.0036613202059222385,-0.054132047947830803,-0.0058743161121165149,-0.0083700587856579498,0.0022445485459193378,1.6036287768201826e-05
184,0.018579165473790765,-0.069574727994243246,-0.1260800631777832,-0.10069716786373425,0.024872231735582027,-4.716088636227448e-17,0.017084022250864576,0.017699854385174983,-0.07389430543939722,0.0015332596784800173,-0.0020294651575942907,-1.6103698957147645e-05
185,-0.0098349666400936678,0.0019387197995570987,-0.021484742962555665,0.00062007335720843,0.028786878692997463,-6.8808449307903977e-17,-0.058153741857710578,0.0056363208363586119,0.062482020104294378,-0.12285247378576926,0.0050223503291552916,7.5394161556418176e-06
186,-0.01310045546347555,-0.037110253830675323,0.025999895877194347,0.0037271439680320664,-0.022396879115255036,-1.6050625456147338e-16,-0.15276702759956032,-0.0099830812241023248,0.15606709934094021,0.026105143660624316,-0.037133758650334969,2.2986130405104155e-05
187,0.040926350118365082,-0.0091044470692094783,0.029729649330324188,0.045338227371096378,-0.034754615798175223,-1.686828005754429e-16,0.087454763141878472,-0.0021516473627661032,-0.09646277431860191,0.008036286359948068,0.01106432767937413,-2.3596683784251655e-05
188,-0.0056350952363700985,-0.0035594648049995245,0.01402918617900167,-0.017205201089147186,0.023403949460533972,-2.2528597417254821e-16,0.15927313919416689,-0.068954043011111715,-0.17490844669438607,-0.0016204737475040247,0.022138036645121675,7.1617169424376386e-05
189,0.050502103743536149,0.0085161273788486123,0.058575115789051162,-0.0088569365585346102,0.0078416291688159709,2.3651270239235429e-16,-0.17264037915309161,0.028285893470394931,0.057936729889728859,-0.055859374832574943,-0.0010527952086862554,-3.0201151005116171e-05
190,-0.063056867242774609,0.069722692542686607,-0.045248358750150042,-0.0001323597867507343,0.023637116347958703,-7.9234893569316588e-17,-0.0061681480001811433,0.0027358254003708548,0.046046780639293239,-0.0066402125035754742,-0.001812835296781971,-1.9415349837155375e-05
191,0.047482020035484344,0.020427808786357169,-0.060870954816030408,-0.022279593429662133,0.030128613508480423,2.596988889761261e-16,0.15207815800096081,-0.016821924771194902,0.10483015450839049,0.11715471798447534,-0.022850126786324781,0.00014314884836242334
192,-0.0025165258387615901,-0.023432520543257521,-0.0084104656419395647,-0.012446407657109509,0.018097674215565386,-8.357510281015351e-17,0.029219770224261841,-0.040752138159504507,-0.074824507153079756,-0.0818343412574222,0.017986969190800679,-6.6989623163332898e-05
193,-0.026398501978581648,-0.047657950259731449,-0.0016163752515200303,-0.019038699159570221,0.032260690051678434,-2.5971410624147684e-16,0.046834428116244546,-0.028464676705554654,0.015634233143242346,-0.018410984845454705,0.0078119911454616244,-6.8793996471133408e-05
194,-0.04693857883726698,-0.018471710835694016,0.02784138934026447,0.017415769220530602,-0.077211107494323639,1.9647663517258818e-16,-0.136778592330073,0.057168668128254385,-0.053160616708973221,0.037553909094603925,-0.011147530723843481,6.5847955898571081e-05
195,0.1648114229291347,0.012266709500739053,0.027775657420472603,-0.11249563575497025,-0.041642905114962714,-1.5793810228485856e-17,-0.16319287661361317,-0.026793483032576563,-0.045016089386312672,-0.021143716359621818,0.0021316695888541288,-9.3071742639335244e-05
196,0.074884276825430043,0.093410440413818005,-0.16487660661564685,0.076828402959520009,0.044221765664939676,9.1341060090804845e-17,0.14734536456404143,0.022250877396432601,-0.014536661667817048,-0.019488855593118061,0.0042044538312108757,-0.00011747258934531797
197,-0.032106990489763378,0.0023344486016809007,-0.017282635583747683,-0.050229162923481965,-0.0033133961186467761,-7.9166321598969049e-17,0.06728932210898575,0.021128515165249159,0.11839239972928212,0.081085958658058094,-0.020869132208025495,0.00049843962380920464
198,-0.068678235367416199,-0.088172109420241659,0.18181739508226674,0.10009809310183186,0.0039501624477909711,1.7155330273980476e-16,0.015450731930333693,-0.0072735881926712263,0.0074644614043648493,0.02887824280653023,0.0016944144723236027,-0.00019854427825149274
199,0.11530396312456737,-0.030069649362380962,-0.022987145562100696,-0.040317944621440623,-0.053553169426173025,8.1072763397535739e-17,-0.02561834081074655,-0.054799565438155388,0.14118382555582237,-0.025226738135126166,0.011409127737328061,9.7556873365620546e-05
200,0.080341785200549673,0.069834067502210467,0.27797195529497837,0.013334680602235107,-0.057479706902457212,2.5738887480898136e-16,0.0605799932185319,0.049655375664949063,-0.039556994687638743,0.023747562452480671,0.0012037575706400163,2.6366428555872916e-05
201,-0.071529319534834102,0.044328051223678069,0.0040991563869963374,0.055794660328304733,-0.047247658668718613,2.4503822428061236e-16,-0.078271282833366457,-0.025854656396467945,-0.058148904632660113,-0.026353353128554021,-0.016386315201882037,-0.0002063121235614104
202,-0.18791636970251399,0.043026198214495701,-0.18833184726946239,-0.095666496340095761,0.035003682355951693,-3.5058123478654991e-16,-0.13904734861517454,-0.019393299292432661,-0.015943331897082219,-0.0053248109352557887,0.010513439809865514,2.1381638032241302e-05
203,-0.0029959735170794564,-0.019416839900655493,0.013284186034332485,-0.054195669502611447,0.065495134987467521,-2.8898365534106149e-16,0.020422399509024698,0.0045898223391968827,-0.081931735972955666,-0.045858639840497553,0.0078697119477166826,0.00016784754834285186
204,-0.16162362400720418,0.0030039062410154855,0.18775817620975793,-0.018746944106839893,0.028887255801837628,-1.8770711369434971e-16,-0.016869132426266257,-0.036797968064461492,0.11043032329146871,0.0089905887016319529,0.002160756066759402,-1.3714084557177027e-05
205,-0.10654809256684167,-0.052926137322881622,-0.026354368137744687,-0.030839798640650271,-0.10867188244321586,4.1771431503061382e-16,0.076881252008778406,0.088185402078346187,-0.15526506430337556,0.0073233738038283158,0.008986674632759567,0.00021940622488471426
206,-0.0583953324253551,-0.037260075721852179,0.077329145860552603,-0.056474131098922416,-0.02671120542153891,7.1420474078822098e-17,-0.023889936895613962,-0.043919771761522737,0.12927655406233002,-0.0097993678141757006,-0.0031621608622888976,4.8265256909050484e-05
207,-0.076143942799180436,-0.0049651331806946641,0.026900192312508855,-0.061534007367084878,-0.035759997200105469,3.5621650009385841e-16,0.21583188632533901,0.04208171593885645,-0.042235815470609214,-0.052385978283089794,-0.013838285152606176,-0.00051520450111800908
208,-0.12170940474840526,0.043998217071010419,-0.032525889385019678,0.11051848082882018,0.036071704510705051,-1.4833271468616299e-16,-0.013327775668315917,-0.036994293537507425,0.080164377930000336,0.0029251794808739058,0.0027557268344821782,-0.00035154703647134028
209,-0.066963411735865383,0.048783176665314114,0.0062520549158734985,0.034051847078599255,-0.083122226955756759,3.9666661677147898e-16,-0.073417909343836005,0.042696232612500239,-0.15544886977177511,0.019932552586004036,0.010048127646971758,0.0007486589650101546
210,-0.019951213592656461,0.0054400761339232113,-0.0283993025600437,-0.012157385434978133,-0.003860605334564747,-8.2755985693050897e-17,-0.0029419540214599962,0.014573775165049522,-0.058703390368907517,-0.072916299464621734,-0.018371138386592864,0.00092069792357494899
211,-0.03087963214248542,-0.00934671356068607,-0.014490968103490591,-0.056882188363154819,-0.0092726836264298874,1.1390729686806e-16,0.18048696805289099,-0.075610772576296378,0.023443833189234972,0.01112296472825159,0.044390306527812125,-0.00062237812641486906
212,-0.067167903620002092,-0.00072293614914083291,-0.052499036292763077,-0.0338604790568688,0.015993755628264085,-1.2647115800490032e-16,0.0060183496455646114,-0.027344073802773469,0.0042998975632088411,-0.016459466397947646,-0.052539448229146732,0.00040922248689979467
213,-0.052966376345755746,0.014452987634611333,-0.074420310769318015,-0.013378926301133479,-0.0024515996168961423,-3.0315630905695934e-16,-0.093977017729788934,0.093419263943565173,0.013064285157104696,0.034592356940323761,0.024788258270229121,-0.001270656992650763
214,-0.12771870312932024,0.0071395790335168647,-0.017315138457025696,-0.10359709513163694,0.013619096202391573,2.0233871857554729e-16,0.083707284096205412,-0.0019733990773763387,0.0032841196678699731,-0.014798727623715749,-0.004474986542267116,0.00050074184615099679
215,-0.015795774009530222,-0.023951650677731723,0.11371509882744524,0.078419646823429029,-0.019978917856215944,7.7602740814471496e-18,0.13415918618591946,-0.058795845390902206,-0.02822622551951089,-0.033972638752657713,-0.00095037110804751341,0.0005146715621575594
216,-0.057119094167468291,-0.056304728750459151,0.061213338295907069,0.0070519424171089596,0.041080532164729441,-3.4112562655338785e-16,-0.10681320210503455,0.059964874064831496,0.056249695384260917,-0.015864970922304104,-0.0096702326693107379,-0.00055960254599015562
217,-0.042113082761655159,-0.05013360411785911,-0.023126719852649004,-0.016569580733254534,0.011248632856391175,6.1834601670550619e-17,0.03199722194423324,-0.022333518407105797,-0.063628165686050175,-0.01261143182858431,0.0017558710085506112,0.00069829063268491125
218,-0.043826312218473024,-0.0015702886949010468,-0.017624476647493441,-0.033301678679959569,-0.079325200771303478,5.3063031720872716e-16,0.11394789553817741,-0.080275084756204595,-0.013749581879031563,0.0082419118561255431,0.030270707128490053,0.00064661281451886107
219,-0.11284454001358421,0.019522906163475958,0.099441637961562496,0.07212254657401368,-0.0035003918577073429,-1.7766293611047306e-16,0.057751518370378889,0.0057729603176312327,0.0018533534790756579,-0.00017788928950322833,0.00020886227064910315,-0.00070788677271474919
220,0.012909384053274714,0.01299957263112133,-0.016918736273759935,0.0039601814668602346,-0.056847115058483798,2.304038782633377e-16,0.11315519295205154,-0.064935663121747964,0.12350388216039181,-0.03600849568537038,-0.042378446871723652,-0.0014948095779712155
221,-0.066263311747696826,-0.0015620014172347142,0.027871950440891868,0.037401036445932519,0.060901265780623957,-2.4589131664351325e-16,-0.17003003070186798,-0.012458057810343252,0.026583014901598184,0.018464537097545742,0.017537198583065849,0.0025343809831667955
222,-0.031801133423368093,-0.010321069190240213,-0.0045109841967809275,-0.047785950759816349,-0.065434449227592215,6.9216712028627732e-16,-0.11810633565547088,0.020774880381493367,-0.078942343945091017,0.0029431899164875067,-0.016205070803966458,-0.0028865648875031767
