edge_1based,gradient_mode_1,gradient_mode_2,gradient_mode_3,gradient_mode_4,gradient_mode_5,gradient_mode_6,gradient_mode_7,gradient_mode_8,gradient_mode_9,gradient_mode_10,gradient_mode_11,gradient_mode_12
1,-0.12511432411138693,-0.0089835378453324566,-0.047280469080815755,-0.033621185778225447,0.043144058084377435,-0.19997299521318568,-0.13116553916094034,-0.01545610361597222,0.021226937334114696,0.019641524490522144,0.067836201064224055,-0.0015401575455523627
2,-0.054246110736543951,0.050268802788815535,-0.058318356421062846,-0.083618484104420937,0.038610475268953587,-0.096226938066445611,-0.057071260193347711,-0.031687632092121901,-0.14623977389216242,0.054334683627238971,-0.0014732393625612183,-0.0018151767596535189
3,-0.14012027119507331,0.035988115109541419,-0.056336635619413586,-0.083085036633552517,0.016604936939461058,-0.082898413776460123,-0.037419765869706585,-0.023683431541310442,-0.21791856877707466,-0.0099224483822716453,0.15979585338140584,0.0004118402600005993
4,0.08997600402147643,0.026853936776412551,-0.0041085117487312806,-0.13000625001344621,-0.061686231364731184,-0.1019009657995571,-0.079614132531675222,-0.002733124580451691,-0.051029126084251086,0.024391658386434721,0.058972599260547764,-0.00016794498969024615
5,0.12528992167002001,0.033573355923630366,-0.011387042039190151,-0.1308695268287719,0.14548460913578479,-0.093913585176301384,-0.088694238917323573,-0.027167955908365491,-0.091933248386554756,0.022244132113987267,0.079243945099303381,-0.00095154406842933373
6,0.058270415650946206,0.11634475978041188,-0.072539868976892241,-0.090931874923287276,0.11226839699118055,-0.11563552057193513,-0.067348685263398766,0.016025990040446775,-0.041875095415262194,-0.017590371419742592,-0.030638124340146372,0.0019599044761670764
7,0.070868213374843392,0.059252340634148123,-0.01103788734024716,-0.049997298326195913,-0.0045335828154240039,0.10374605714674021,0.074094278967592214,-0.016231528476149573,-0.16746671122627724,0.034693159136717111,-0.069309440426785301,-0.00027501921410097441
8,-0.0032669275654772512,0.12477766892356107,-0.041042841062492216,-0.070959126223757815,0.0015853849309162421,0.071056461674241692,0.052666581840591739,-0.033319644690998809,-0.12157159720047772,-0.051664134211988566,-0.15386510360452757,0.0054169290740749415
9,-0.015005947083686022,0.04497165295487382,-0.0090561665385978374,-0.049463850855327118,-0.026539121144916439,0.11707458143672572,0.093745773291233458,-0.0082273279253381529,-0.23914550611118918,-0.029563972872793727,0.091959652317181922,0.0019519978055526355
10,-0.03427371611640842,0.013842526033282666,-0.026753882278523239,-0.14678922200183725,0.080158525812227752,0.21208662921145141,0.12156778829743056,-0.005296165992469716,-0.028035571033795004,-0.039929923077373808,-0.022462837311361755,0.0019375982202601838
11,-0.12286101764032992,0.024442066879962497,0.011419015474842094,-0.059577040572111037,-0.0059701033121811811,0.05994760414372774,0.077026473517822505,0.090399367862149638,-0.13926708509544261,0.01161541825497725,-0.12299683694756899,0.0041931048629998413
12,0.0079312537887781115,0.19071074350210751,-0.043254422462596705,0.0048903935003725835,0.024241915451546747,-0.047053641078496827,-0.017020382989357648,0.050220889861757781,0.14700663212695544,-0.0097012333455024358,0.12284348662101796,0.00013269441281332783
13,-0.074135140940321892,0.065525328289413098,-0.030004953722245049,-0.020961827897562225,0.0061189677463400899,-0.032689595472498598,-0.021427697127000669,-0.017088116214849229,0.045895114025799461,-0.086357293348705372,-0.084555663177742213,0.0056919482881754302
14,-0.085874160458529858,-0.014280687679273832,0.0019817208016492949,0.00053344747086871147,-0.022005538329492265,0.013328524289985433,0.019651494323641321,0.0080042005508112139,-0.071678794884911953,-0.064257132009510554,0.16126909274396728,0.0022270170196543315
15,-0.1051419294912514,-0.045409814600865545,-0.015715994938276148,-0.096791923675641434,0.084692108627651988,0.10834057206471112,0.047473509329838515,0.010935362483679819,0.13943114019248232,-0.074623082214090738,0.046846603115423768,0.0022126174343610749
16,0.14422211475802063,-0.023414866012403113,0.054209844672331656,-0.046387765909024915,-0.10029670663368445,-0.0056740277331114863,-0.022542872338327184,0.028954507511669968,0.095210647807911622,-0.029943025240804375,0.060445838623109177,0.00164723176996312
17,0.1125165263874907,0.066075956991596352,-0.014221512555829319,-0.0073133908188660404,0.073657921722227113,-0.019408582505489519,-0.010277425070050736,0.047713622132568481,0.10436467847690037,-0.071925055046981767,-0.02916488497758507,0.0037750812358202934
18,-0.082066394729099879,-0.12518541521269486,0.013249468740351593,-0.025852221397934725,-0.018122947705206581,0.014364045605998077,-0.0044073141376429481,-0.067309006076607059,-0.10111151810115604,-0.076656060003202992,-0.20739914979876023,0.0055592538753621024
19,-0.10929536018105188,-0.028109727801486489,0.030142746220638776,-0.011074382706349521,-0.052244282111545672,0.0034358920520711211,0.019068050530365865,-0.062241818459615864,-0.03524856816130198,-0.090918696080297345,-0.14485370591419294,0.0024492553179253362
20,-0.055935714282628293,0.054321597530993013,0.028768137974584232,0.0044008607832477717,-0.02632419967943701,0.067069183183938758,0.041144062121112976,0.019009143904488962,-0.10795378550624213,-0.045839569853914505,-0.052489518371956534,-0.00074572714949651397
21,0.10458527259871178,-0.12463478651051157,0.029032909906767514,-0.012203784319238541,0.049416006270680504,0.027645058573007447,0.0067429579193067912,-0.002507267729189265,-0.04264195365005527,-0.062223821701479297,-0.15200837159860286,0.0036423868230070419
22,0.072095707927261596,0.039764816655059293,-0.019659923210099635,0.0013209285515426075,0.09900069852522117,0.067352980538013335,0.03761105315604054,-0.060371086707463842,-0.055769827049765033,-0.033772945361428344,-0.087450601446571297,0.0012957578130795185
23,0.057227509305184984,0.03244075495312114,0.099542837002992823,-0.014511736869115804,-0.15970982631096928,0.12463132077492342,-0.007080314598235854,-0.013924985192446926,-0.044862524513438057,-0.033471310014844755,-0.11271642355665176,0.0042552810843536895
24,-0.011739019518207295,-0.079806015968687055,0.031986674523894323,0.021495275368430964,-0.028124506075832487,0.0460181197624841,0.041079191450642011,0.025092316765660518,-0.11757390891071144,0.022100161339194832,0.2458247559217096,-0.0034649312685216833
25,-0.031006788550929636,-0.11093514289027845,0.014288958783968742,-0.075830095778079074,0.078573140881311773,0.14103016753720973,0.068901206456839059,0.0280234786985291,0.093536026166682634,0.011734211134614592,0.13140226629316584,-0.0034793308538144563
26,-0.093312519939769023,-0.053141453138770445,0.025975334514290072,-0.010599732540744079,-0.027749460452769756,0.070985964522642886,-0.0080864279335803313,0.055385747060302665,0.15364498700126974,0.13387155576413418,0.15337966244234019,-0.011534211882265603
27,-0.027228965451951997,0.097075687411208311,0.016893277480287121,0.014777838691585381,-0.034121334406339063,-0.01092815355392706,0.023475364668008928,0.0050671876169911534,0.065862949939854171,-0.014262636077094316,0.062545443884567203,-0.0031099985574369643
28,0.026130680446471967,0.17950701274368791,0.015518669234232604,0.030253082181182531,-0.0082012519742304668,0.052705137577940625,0.04555137625875591,0.086318149981096118,-0.0068422674050860541,0.030816490149288389,0.15490963142680381,-0.0063049810248586623
29,-0.019267769032722221,-0.031129126921591421,-0.017697715739925401,-0.097325371146510159,0.10669764695714429,0.095012047774725647,0.027822015006197034,0.0029311619328685062,0.21110993507739423,-0.010365950204580032,-0.11442248962854376,-1.4399585292717079e-05
30,-0.10785507055664427,-0.02052958607491201,0.020475182013439924,-0.010113189716784063,0.020569017832735154,-0.057126977292997982,-0.016719299773411148,0.098626695787488131,0.099878421015746649,0.04117939112777097,-0.21495648926475108,0.0022411070574473563
31,-0.081573500421561682,0.026664562829916791,-0.0060113400096045155,-0.032095007909174987,0.00037504562306261979,0.024967844760158731,-0.049165619384222328,0.030293430294642341,0.27121889591198128,0.11177139442493948,-0.092445093479369356,-0.0080692806137437172
32,-0.0154899459337446,0.17688170337989578,-0.015093397043607681,-0.0067174366768455313,-0.0059968283305067149,-0.056946273316411236,-0.017603826782633059,-0.020025129148669191,0.18343685885056563,-0.036362797416289033,-0.18327931203714237,0.00035493271108487731
33,-0.088587301523922052,0.010599540846679597,0.038172897753365298,0.087212181429726046,-0.086128629124408967,-0.15213902506772359,-0.04454131477960814,0.09569553385461943,-0.11123151406164755,0.051545341332351058,-0.10053399963620721,0.0022555066427398457
34,-0.062305731388839485,0.057793689751507983,0.011686375730320882,0.065230363237335165,-0.10632260133408156,-0.07004420301456693,-0.076987634390419363,0.027362268361773696,0.060108960834586986,0.12213734462951961,0.021977396149174426,-0.008054881028451118
35,0.0262815701350822,0.047194148904828287,-0.026486522023044405,-0.021981818192390937,-0.020193972209672454,0.082094822053156685,-0.032446319610811299,-0.068333265492845824,0.17134047489623461,0.070592003297168582,0.12251139578538169,-0.010310387671191341
36,-0.062934438222383107,0.070753593403828474,-0.013440259789012832,0.14083838312507502,0.033802336668562125,-0.0038212341512096314,0.04318059821374038,-0.1210894326757358,0.039830329529315964,-0.071673115395084183,0.093994009193728592,0.004841534932601102
37,-0.08957301810387347,0.050977579197848427,0.015880646693415781,-0.04587533092252024,-0.04254615825214534,0.088718479967698979,-0.099867421808618032,-0.059772364812032588,0.044741940883548006,-0.080265150678877809,0.10762919056316082,0.0099061295770967901
38,-0.10718129181703624,0.061389300995413398,0.011600013914345404,-0.028333239590601557,-0.00050879937562105931,0.011566198286265553,0.06111882278446161,-0.16892306876299126,0.1163933730814158,-0.019739849082815921,0.12262896715541516,-0.026905787377656056
39,0.066083554487817053,0.15021714054997881,-0.0090820570340026646,0.025377571232329282,-0.0063718739535695394,-0.081914118076569925,0.031561792601589186,-0.05031855944331147,-0.087782037061415547,-0.14813419184122859,-0.090834218557773003,0.008424213324829205
40,-0.089216008357465681,0.023559444499000194,0.013046262234031642,0.16282020131746608,0.053996308878234534,-0.085916056204366251,0.075626917824551748,-0.052756167182890147,-0.13151014536691871,-0.14226511869225261,-0.028517386591653017,0.015151922603791911
41,-0.11585458823895618,0.0037834302930201892,0.042367168716460166,-0.023893512730129449,-0.022352186042472792,0.0066236579145424086,-0.067421102197806823,0.0085609006808129787,-0.12659853401268656,-0.15085715397604627,-0.014882205222220776,0.020216517248287796
42,0.053359645898423666,0.082431325332479433,-0.0013746082460545164,0.015475243489597055,0.025920082432108554,0.063633291131867734,0.022076011590746972,0.081250962364105075,-0.072705217344940121,0.04507912622638291,0.092364187542236645,-0.0031949824674218706
43,-0.030147457916280741,0.02019702580897028,0.10852158055280398,-0.089762380981697087,0.016991023058388392,0.035286274369041554,0.015974307262451276,0.031835696352457477,-0.01503572687785287,0.095875320246718132,0.058825349094543899,0.0025862759867593017
44,-0.072354282775393505,0.020863561758210202,-0.00070955070945271617,0.10267102118048471,0.080771176416456619,0.081290159611350457,-0.018507433049811998,0.035204138478813998,-0.0068312386001400244,0.10452255008431849,0.060921025065660037,-0.0017736875816863171
45,-0.083507103814704373,-0.062234299523509139,0.10989618879885851,-0.10523762447129431,-0.0089290593737201378,-0.028347016762826079,-0.0061017043282955413,-0.049415266011647467,0.05766949046708747,0.050796194020335264,-0.03353883844769278,0.0057812584541813705
46,-0.125713928673817,-0.061567763574269102,0.00066505753660186726,0.087195777690887405,0.054851093984348134,0.017656868479482737,-0.040583444640559047,-0.04604682388529098,0.065873978744799971,0.059443423857935843,-0.031443162476576664,0.001421294885735508
47,0.12803142220988967,-0.014556780875933392,-0.048428061184683881,-0.0030799322317051417,0.1253248982046582,0.00028379735407457057,-0.0035330089650724775,-0.079380230611952929,0.05218395845647715,0.012066624492486248,-0.034961083074615026,0.0020414849625760107
48,0.11316322358781319,-0.021880842577871745,0.070774699028408439,-0.018912597652363736,-0.13338562663153236,0.057562137590984636,-0.048224376719348781,-0.032934129096935827,0.063091260992804099,0.012368259839069638,-0.060226905184695465,0.0050010082338503847
49,-0.042206824859112833,0.00066653594923987182,-0.10923113126225663,0.19243340216218158,0.063780153358068178,0.046003885242308841,-0.034481740312263316,0.0033684421263566453,0.0082044882777126023,0.0086472298376003322,0.0020956759711160855,-0.0043599635684458777
50,-0.10886655745198826,-0.079511733704223542,-0.1596998196714908,0.047246952717735317,0.017048687542802435,0.0060195435066612568,-0.038853496157676262,0.057288136306136564,-0.011514762849548957,-0.10924528177377918,-0.0012581454603673072,-0.026042060274164346
51,-0.057619762864170455,-0.13585882708781929,-0.10398578661610031,0.053033721394561091,0.004445162666183871,0.051558434244351525,-0.080479899060629217,-0.034940916450484208,-0.027967547252668173,-0.065300970752391913,-0.0049482807139327144,0.013033057320612997
52,0.1478556471104662,-0.14987153122425095,0.16816194079654667,0.076209675508264754,0.029866608264620974,-0.026722445107557474,0.003531559204741002,-0.030069244346259773,-0.013094271845738401,-0.067949824814090398,0.0097749886997429009,-0.013089260161565365
53,-0.082945280069889035,-0.14752125780918873,0.022837869977487005,0.034771608904651932,-0.020402993584652869,-0.085292097739146699,0.062572558272774248,-0.037641746218392461,-0.036896869705362892,-0.098653476935342446,0.0013958069004600202,0.0085013968606501705
54,-0.066659732592875401,-0.080178269653463405,-0.05046868840923413,-0.14518644944444625,-0.046731465815265966,-0.039984341735647563,-0.0043717558454129078,0.053919694179779806,-0.019719251127261583,-0.11789251161137948,-0.003353821431483375,-0.021682096705718471
55,-0.015412938005057785,-0.13652536303705906,0.0052453446461563757,-0.13939968076762044,-0.059334990691884311,0.0055545490020426748,-0.045998158748365818,-0.038309358576841021,-0.036172035530380953,-0.073948200589992297,-0.0070439566850487856,0.017393020889058884
56,-0.026638579881490529,-0.019776014205980037,0.029320906482428497,-0.18671371404759529,-0.07634849492070736,0.092539714118908628,-0.14304802002235836,0.061317067863703008,0.0049116113542319352,-0.0085920352837936392,0.013635181369432195,0.0050645946444952093
57,-0.044246853594653288,-0.0093642924084151591,0.025040273703358071,-0.16917162271567646,-0.034311136044183246,0.015387432437475087,0.017938224570721181,-0.047833636087255486,0.076563043552099655,0.051933266312267926,0.028634957961686514,-0.031747322310257356
58,-0.044853848871369284,0.016697479459759551,-0.051670253005856939,-0.15391646594427089,-0.0093176024812839063,0.072712522785632339,-0.070309426399660424,0.070943903965461907,-0.0416614937565494,0.12316866437877888,-0.029928942755006408,-0.029005268023292469
59,-0.01760827371316263,0.01041172179756489,-0.0042806327790704864,0.017542091331918811,0.042037358876524239,-0.077152281681433552,0.16098624459307956,-0.10915070395095849,0.071651432197867765,0.060525301596061565,0.014999776592254335,-0.036811916954752347
60,-0.018215268989878613,0.036473493665739577,-0.080991159488285364,0.03279724810332444,0.067030892439423478,-0.019827191333276307,0.072738593622697925,0.0096268361017590176,-0.046573105110781332,0.13176069966257253,-0.043564124124438622,-0.034069862667787547
61,-0.030851468848044055,0.036539393295446664,-0.019583027777433957,0.0073444188834942623,0.052172679115279605,0.051937512092656186,0.050301994289066621,-0.02065503640608158,0.0072920127240875508,0.052669941459428243,-0.01966743253002828,-0.0076276015492994552
62,-0.031871847474683808,0.041249631020252642,0.035754490037851264,-0.001909622706810804,0.028405905768258514,-0.084461961413024561,0.13205792301336561,-0.079548427052254359,0.01535544788343705,0.076491208721747264,-0.036246183962828818,-0.025953804400700234
63,-0.00060699527671572676,0.026061771868174682,-0.076710526709215035,0.015255156771405563,0.024993533562899344,0.057325090348157255,-0.088247650970381591,0.1187775400527174,-0.11822453730864914,0.071235398066510941,-0.058563900716692936,0.0027420542869648445
64,0.0019584295069799361,0.043341079425049771,-0.052342871883865966,0.037658139542837428,0.031256960842972581,0.014450162699841257,-0.047239666118315024,0.12766708350000103,-0.0096228674072201953,-0.0035242648042607787,-0.030091915270479688,0.12526517004917118
65,-0.013243195134881262,0.026127671497881904,-0.01530239499836349,-0.010197672448424577,0.010135320238755425,0.12908979377408974,-0.11068425030401285,0.088495667544876991,-0.06435941947378028,-0.007855360136633377,-0.034667209122282577,0.029184315405452993
66,-0.014263573761521139,0.030837909222687754,0.040035122816921669,-0.019451714038729681,-0.013631453108265796,-0.0073096797315910303,-0.028928321579713936,0.029602276898704143,-0.05629598431443078,0.015965907125685706,-0.051245960555083118,0.010858112554052213
67,0.061139396348382759,0.050645508695965916,-0.021636305380864269,-0.02604159240482725,-0.017010869749328979,-0.02740476678213314,0.0033651122814732544,0.020617536432710373,0.058839112334650674,-0.14240769905481598,0.02517931442306302,-0.0011782255430761931
68,0.028459070066485601,0.010699552589886769,-0.051986358873664325,0.031638115481872273,-0.015810936695599152,-0.064454308439210697,0.057688860395286243,-0.089112703719331887,0.11146076048659952,-0.074821521836823682,0.035102935666684536,0.025363398791237154
69,0.0025654247836958688,0.017279307556875078,0.024367654825349059,0.022402982771431823,0.0062634272800733181,-0.042874927648315998,0.041007984852066581,0.0088895434472835537,0.10860166990142896,-0.074759662870771709,0.028471985446213224,0.12252311576220634
70,-0.012636199858165768,6.5899629707198725e-05,0.061408131710851487,-0.025452829219830161,-0.014858213324143783,0.071764703425932524,-0.022436599333631246,-0.030281872507840535,0.053865117834868852,-0.079090758203144276,0.023896691594410366,0.026442261118488072
71,0.051246794587817814,-0.056347093383595739,0.055714033055390549,0.0057867686768258543,-0.012603524876618453,0.045538890737690275,-0.041626402902952872,-0.092229052756620911,-0.016452784403119453,0.043944311021387156,-0.0036901352535654332,0.039075117594777359
72,0.03631854793643037,-0.10521956819607949,0.019384610818608188,0.034375874387106667,-0.067215093964901176,-0.028249610434557797,0.049290932455767877,-0.11377805745396986,-0.042837342999952996,0.11412368928466302,0.0039982584768074748,0.0081671186577382121
73,-0.032680326281897064,-0.039945956106079102,-0.030350053492800139,0.057679707886699565,0.0011999330537298403,-0.037049541657077585,0.054323748113812957,-0.10973024015204232,0.052621648151948822,0.067586177217992233,0.0099236212436215089,0.02654162433431341
74,-0.058573971564686647,-0.033366201139090848,0.0460039602062133,0.048444575176259122,0.023274297029402362,-0.015470160866182867,0.037642872570593316,-0.011727992985426814,0.049762557566778325,0.067648036184044247,0.003292671023150253,0.12370134130528247
75,-0.014928246651387533,-0.048872474812483788,-0.036329422236782351,0.028589105710280817,-0.054611569088282685,-0.073788501172248028,0.090917335358720791,-0.021549004697348956,-0.026384558596833502,0.070179378263275888,0.0076883937303729097,-0.030907998937039018
76,-0.083927120869714961,0.016401137277516679,-0.086064086548190616,0.051892939209873735,0.01380345793034831,-0.082588432394767805,0.095950151016765892,-0.017501187395421381,0.069074432555068274,0.023641866196605098,0.013613756497186935,-0.012533493260463931
77,0.066904099845486009,-0.14134741771699097,0.012360697383801836,0.049574601148552291,-0.11749513065475069,-0.038673716332125213,0.033053578435289166,0.071884829102542805,0.018779588463924107,0.0223647165021469,-0.0032531491138255118,-0.059553491156445607
78,0.093617014351174796,-0.14134986301112248,0.1294030345795199,0.023665459970996078,0.16771401731477686,-0.0073693245894883297,0.072498554688335354,0.10310723211202664,0.019876146408054907,0.031658293384380122,-0.0038791550753840328,-0.0090679767738616225
79,-0.068998874218327455,0.065273612090000419,-0.049734664311408272,0.02330383349959295,0.068415027018631003,-0.00879993122251976,0.0050328156580450815,0.0040478173019275338,0.095458991151901762,-0.04653751206667079,0.005925362766814048,0.018374505676575146
80,-0.05621556597929174,0.065184044713910816,0.014688288964694006,0.06529287378091711,0.078315873429480098,0.032772251564219347,-0.050382592924048314,0.056305501197322187,0.097343041955630039,-0.060813026775552205,-0.023906325961728273,-0.081674629069145299
81,0.047615659330227482,0.034870838325505082,0.03571850060282375,0.014916788123774999,0.019617153614883049,0.0040582845052183339,0.021188394531020428,0.065388497157308725,0.043342574745234355,-0.049123177632336833,0.0051579098917704201,0.20430579407182239
82,0.08183234649687357,-0.092474942904507251,0.048690119620584199,0.020985495438271509,-0.062883561566467988,0.035114784840122815,-0.057863756923431563,0.093433833799891702,0.045164147060757699,-0.047814661761128988,-0.010941542844198435,-0.028645492219406658
83,0.10854526100256214,-0.092477388198638641,0.16573245681630219,-0.0049236457392847592,0.22232558640305958,0.06641917658275967,-0.018418780670385406,0.12465623680937561,0.046260705004888485,-0.038521084878895787,-0.011567548805756979,0.021840022163177455
84,-0.025893645282789864,0.0065797549669882353,0.076354013699013429,-0.0092351327104404583,0.022074363975672476,0.021579380790894678,-0.016680875543219644,0.098002247166615472,-0.0028590905851705421,6.185896605201413e-05,-0.0066309502204713183,0.097159716970969034
85,-0.01596388921789587,0.018926074710929126,0.10536701736587348,0.043529870672696085,0.01883618065718989,0.039562083272736921,0.0056253912654086156,0.083216013105585185,-0.12331427221548232,0.0014355912438043811,-0.005234151279901976,0.016338453149899377
86,0.012783308239035621,-8.9567376089550485e-05,0.06442295327610241,0.041989040281324219,0.0099008464108490957,0.041572182786739159,-0.055415408582093414,0.052257683895394619,0.0018840508037281292,-0.014275514708881387,-0.029831688728542274,-0.10004913474572044
87,-0.015201624641861141,-0.017213407927167929,0.037040476885502466,-0.047855811991262029,-0.021121640604217107,0.11463963107424849,-0.063444584185697858,-0.039171415955124092,-0.054736552066560078,-0.0043310953323725809,-0.0045752938518028863,-0.0960808546437181
88,-0.016222003268500977,-0.012503170202362102,0.092377994700787586,-0.057109853581567074,-0.044888413951238347,-0.021759842431432239,0.018311344538601129,-0.098064806601296892,-0.046673116907210627,0.01949017192994644,-0.021154045284603445,-0.11440705749511891
89,0.009929756064893951,0.012346319743940968,0.029013003666860104,0.052765003383136555,-0.0032381833184825983,0.017982702481842229,0.022306266808628242,-0.014786234061030242,-0.12045518163031181,0.0013737322777523618,0.0013967989405692747,-0.080821263821069703
90,0.038676953521825298,-0.0066693223430779195,-0.011931060422911165,0.051224172991764662,-0.012173517564823428,0.019992801995844411,-0.038734533038873739,-0.045744563271220839,0.0047431413888987459,-0.014337373674933422,-0.023200738508070987,-0.19720885171668939
91,0.044713005749414537,0.014583792091627476,0.055620865931805853,0.069415699862310096,-0.0023498204435503265,-0.014514960042094792,-0.074527738528760795,0.058040526338234158,-0.064451920369935897,0.0039926623157835323,0.0026109612173152441,-0.15122546556844127
92,-0.0010203786266396798,0.0047102377248059149,0.055337517815285203,-0.009254041590305101,-0.023766773347021236,-0.13639947350568077,0.081755928724298987,-0.058893390646172834,0.0080634351593495066,0.023821267262319035,-0.016578751432800527,-0.018326202851400804
93,0.02513138070675543,0.029559727671108885,-0.0080274732186423441,0.10062081537439854,0.017883457285734497,-0.096656928592406252,0.085750850994326097,0.024385181894093819,-0.065718629563751657,0.005704827610124974,0.0059720927923721523,0.015259590822648472
94,0.053878578163686922,0.010544085584090118,-0.04897153730841354,0.09907998498302667,0.0089481230393937475,-0.094646829078404049,0.024710051146824136,-0.006573147316096776,0.059479693455458796,-0.010006278342560862,-0.018625444656268128,-0.10112799707297133
95,0.026151759333395128,0.024849489946302993,-0.063364991033927565,0.10987485696470367,0.041650230632755705,0.039742544913274475,0.0039949222700271575,0.083278572540266646,-0.073782064723101129,-0.018116439652194102,0.022550844225172683,0.033585793674049361
96,0.060935009017915757,0.027086962293989516,-0.03675712876898167,0.12652555344387723,0.042538593507688002,0.0072448823893374939,-0.09283908306736198,0.15610533293953108,-0.017778803462725281,-0.015497509614162913,0.023765006501918741,-0.036818408073322186
97,0.028747197456931543,-0.019015642087018773,-0.040944064089771186,-0.0015408303913718863,-0.0089353342463408224,0.0020100995140021898,-0.061040799847501999,-0.030958329210190594,0.12519832301921049,-0.015711105952685808,-0.02459753744864026,-0.11638758789561982
98,0.034783249684520678,0.002237472347686485,0.026607862264945825,0.016650696479173561,0.00088836287493231775,-0.032497662523937001,-0.096834005337389062,0.072826760399264334,0.056003261260375942,0.0026189300380311739,0.0012141622767460093,-0.070404201747371567
99,0.11827907528319608,0.028626510555702721,0.049583950468665518,-0.067102961260406865,-0.061480629607202228,0.038983026412525275,-0.047298596448843717,-0.10637434290511012,0.080264162182554666,0.0071319231922572727,-0.005860790498875796,-0.052081815655641184
100,0.0060360522275890458,0.021253114434705307,0.067551926354717032,0.018191526870545458,0.0098236971212730846,-0.034507762037939205,-0.035793205489887098,0.10378508960945503,-0.069195061758834553,0.018330035990716989,0.025811699725386293,0.045983386148248269
101,0.089279741826552697,0.032223187492750931,0.052133921273149281,-0.060977060712158408,0.040926295169688223,0.058167550396965792,-0.068730628227559695,-0.072833843870170792,-0.0578316172479139,0.00853078934864724,0.016966613552326468,0.12303180850293775
102,0.10383122530951933,-0.030313206388405779,0.021030211638129726,-0.050376085657142092,-0.058698719814596997,-0.028713967059001047,0.071570987455068763,0.0090829959599865555,-0.0540004672103956,0.011689849143215365,0.029064235853498682,0.28598042314096772
103,0.083495825598675646,0.026389038208016181,0.0229760882037197,-0.083753657739580475,-0.062368992482134497,0.071480688936462269,0.049535408888545358,-0.17920110330437453,0.024260900922178745,0.0045129931542260875,-0.0070749527756218261,0.018322386091730345
104,0.083243689598963472,0.01097007305804557,-0.015418005081567779,-0.079168587582703787,0.031102598048415184,0.092675312434904997,-0.032937422737672535,-0.17661893347962582,0.011363444510920757,-0.0097992466420697005,-0.0088450861730598306,0.07704842235468945
105,0.097795173081930281,-0.051566320823111238,-0.046521714716587302,-0.068567612527687533,-0.068522416935870079,0.0057937949789381611,0.10736419294495587,-0.09470209364946848,0.015194594548438987,-0.0066401868475015856,0.003252536128112396,0.23999703699271943
106,-0.0002521359997121971,-0.015418965149970643,-0.038394093285287451,0.0045850701568766715,0.093471590530549598,0.02119462349844272,-0.082472831626217963,0.0025821698247487576,-0.012897456411257981,-0.014312239796295805,-0.0017701333974380097,0.058726036262959205
107,0.01429934748325473,-0.077955359031127408,-0.069497802920306967,0.015186045211892953,-0.0061534244537356231,-0.065686893957524112,0.057828784056410454,0.084499009654906074,-0.0090663063737397576,-0.011153180001727664,0.010327488903734203,0.22167465090098923
108,0.15767661674195943,0.00086007343472186315,-0.055400942318272459,-0.055810341491285921,0.036238867130567259,-0.058952607079360175,-0.090961684473053528,0.083476875879480814,0.048839913560054134,-0.03797394849599129,0.0074249000404085531,0.052025702474706538
109,0.10372637810481224,0.0028774469296118299,-0.023422796139025794,-0.056533504280207564,0.02527502238375462,-0.06175558005958303,0.15976981708892712,0.18065033807940983,0.0079400246243625967,0.010611516752606347,-0.024249694083631507,-0.019020550494369046
110,0.014551483482966905,-0.062536393881156699,-0.03110370963501953,0.010600975055016244,-0.099625014984285332,-0.086881517455966839,0.14030161568262839,0.081916839830157351,0.0038311500375182543,0.0031590597945681184,0.012097622301172208,0.16294861463802995
111,0.12755065595224105,-0.034493120729429026,-0.065537425203964453,-0.055256847188182155,-0.028497299753070231,-0.087946552184287166,0.1112923584151381,0.10863030030028001,-0.038940723190635781,0.028555516634640121,0.039099996114782716,-0.12239962293107816
112,0.10397851410452445,0.01829641207958253,0.014971297146261692,-0.061118574437084211,-0.068196568146795047,-0.082950203558025695,0.24224264871514509,0.17806816825466104,0.020837481035620602,0.024923756548902158,-0.0224795606861935,-0.077746586757328207
113,0.034216687166646144,-0.12734578123001222,0.012971619017760417,0.0060687073144964857,-0.082500715181351048,0.031056500334904473,-0.079052151454452005,0.028045336642583015,0.0018215723155233371,0.0013085158712078382,-0.016099452735968859,-0.23295128629122899
114,0.10752279710860076,-0.12082944703021178,-0.04973805013839671,0.017166271766226739,0.081014299337049678,-0.0032668954633945663,0.00031218818803362136,-0.064894988728351588,0.034237343036562159,-0.058489482894701045,-0.015015172479820402,-0.20672023354489946
115,0.11299917246927427,0.028043273151727652,-0.034433715568944943,-0.065857822243198444,0.071127715231215,-0.0010650347283203679,-0.029009257267490301,0.026713460470122713,-0.042771873228154081,0.025396456840072072,0.027002373813610484,-0.28534823756910815
116,0.089427030621557421,0.080832805960739232,0.046075006781281271,-0.071719549492100493,0.031428446837490201,0.0039313138979411213,0.10194103303251667,0.096151328424503732,0.017006330998102302,0.021764696754334061,-0.034577182987365701,-0.24069520139535816
117,0.026712914505688561,-2.4452941313881716e-06,0.11704233719571801,-0.025909141177556314,0.28520914796952757,0.03130439174263687,0.039444976253046195,0.031222403009483885,0.0010965579441307538,0.0092935768822332079,-0.00062600596155854482,0.05048551438258405
118,0.13081498701413774,-0.0044402018274898366,0.024367224088701241,0.017618815546379396,0.1628774765807833,0.0067243013922047706,-0.017064680075810402,-0.036408158154513801,0.027030685564759172,0.055913582197310546,0.03162582345513211,0.072800446431039778
119,0.073306109941954634,0.0065163341998004881,-0.062709669156157152,0.011097564451730263,0.16351501451840084,-0.034323395798299072,0.079364339642485682,-0.092940325370934634,0.032415770721038878,-0.059797998765908855,0.0010842802561484826,0.026231052746329531
120,0.11185839562346189,0.12733715887469063,0.1427446928331271,-0.00048950585729260095,-0.14229257171633961,-0.070911554762420642,0.011512903577034743,-0.098235560007802175,-0.0050028710011250296,-0.034307147446078559,0.018602424489059705,-0.017054340708316861
121,0.10410207250844915,-0.0044377565333586083,-0.092675113107016788,0.043527956723935675,-0.12233167138874423,-0.024580090350432085,-0.056509656328856572,-0.067630561163997627,0.025934127620628383,0.046620005315077338,0.032251829416690671,0.022314932048455881
122,0.046593195436266138,0.0065187794939318387,-0.17975200635187522,0.037006705629286471,-0.12169413345112678,-0.065627787540935928,0.039919363389439445,-0.12416272838041846,0.031319212776908079,-0.069091575648142084,0.0017102862177070279,-0.024254461636254401
123,0.035313917648543809,0.0067194191472177752,-0.0072785302904587882,-0.00086327681532576746,0.20717084050051596,0.0079873806232557513,-0.0090801063856483354,-0.024434831327913669,-0.040904122302303808,-0.0021475262724475457,0.020271345838755436,-0.00078359907873933141
124,0.078912071573075865,0.03874780341963887,-0.036621155650264602,0.021447624065771782,0.063189927790173531,-0.032234946098746116,0.026485094294012766,-0.051693185081210485,0.021064829652525083,-0.056636905577089232,-0.076667738482081305,-0.00096889092698257818
125,0.057895982988715199,0.056092544003438612,-0.068353513184857245,0.019847583096266188,0.10686453400346388,-0.019000711903796194,0.020862198633576037,0.021431036518056647,-0.018683273492981992,-0.044642949529794064,0.0095359085682394894,0.00084018674349590138
126,-0.031705588370531036,0.089490823003999215,-0.068431357228160961,0.039074375090158972,0.17395462835591169,-0.013734554772378137,0.012265447268276448,0.018759114620898541,0.00915403066898887,-0.041982029806177323,-0.089610723600694192,0.0021278494658573438
127,0.043598153924532514,0.032028384272421044,-0.029342625359805797,0.022310900881097474,-0.14398091271034244,-0.040222326722001905,0.035565200679661096,-0.027258353753296816,0.061968951954828863,-0.054489379304641719,-0.096939084320836727,-0.00018529184824326217
128,0.0225820653401709,0.049373124856220744,-0.061074982894398458,0.02071085991159196,-0.10030630649705212,-0.026988092527051998,0.029942305019224309,0.045865867845970291,0.022220848809321812,-0.042495423257346537,-0.010735437270515964,0.0016237858222351909
129,-0.067019506019074235,0.082771403856781403,-0.061152826937702201,0.039937651905484726,-0.033216212144604296,-0.021721935395633878,0.02134555365392481,0.043193945948812207,0.050058152971292694,-0.039834503533729762,-0.1098820694394497,0.0029114485445966209
130,0.048886107972807374,0.047108219993344823,-0.063893399526759737,0.046573661505989593,-0.062989129451923503,-0.0044950722478207614,0.038090189492213336,0.025976763097986202,0.023459077957611152,0.037568230171031392,-0.14149715306300853,0.0022331719734159251
131,-0.021016088584361343,0.017344740583799693,-0.031732357534592658,-0.0016000409695055978,0.043674606213290321,0.013234234194949922,-0.0056228956604367792,0.073124221599267111,-0.039748103145507079,0.011993956047295206,0.086203647050320756,0.0018090776704785636
132,-0.008777138691275211,0.040393273651944429,-0.065507105434622001,0.029354012501465743,0.015089173299845987,0.036080071818100579,0.0323230842627657,0.0091145863605440677,-0.028470772094350463,0.11045175171052385,0.11263715276126428,0.0038167262234104576
133,0.0052879540482748443,0.015079835720923824,-0.034550774166953895,0.024262760624892042,0.080991783258418881,0.035727254474181125,0.0025249888125522361,0.05323511685128305,-0.038509873997217822,0.092057609475673152,-0.044558068742171802,0.0024184638216592177
134,0.011932611452560204,0.03615208295301435,-0.017810190236517365,0.08732386113447925,0.012828327876386041,0.14020731984814774,0.021095142990885437,0.10237242391718471,-0.016389272451200993,0.037765614322428268,0.057538124595263612,-0.0030586777026705763
135,-0.00065387806935632428,0.053559641104444659,0.023855908508775964,0.027014037686717847,0.050844022560883689,-0.012664529398093202,-0.039839778107953625,0.047411998858887777,-0.054899838993510544,0.037668395391856527,0.12523120962150316,0.0042078061636828604
136,-0.089601571359245485,0.033398279000560693,-7.7844043303649385e-05,0.019226791993892742,0.067090094352447782,0.0052661571314181286,-0.0085967513652995247,-0.0026719218971581211,0.027837304161970881,0.0026609197236167666,-0.099146632168933699,0.0012876627223613745
137,-0.046991343115499663,0.098665418598156335,-0.0500161973513134,0.0065317530372706357,-0.0069944788460552659,-0.021545561829566559,-0.02723817814073291,-0.041180404096453446,-0.0071693261813350236,0.0044145847194638904,-0.034088221721026601,-0.0042293802381138078
138,0.012238949893086291,0.023048533068144781,-0.033774747900029406,0.030954053470971368,-0.028585432913444241,0.022845837623150698,0.037945979923202491,-0.064009635238723092,0.011277331051156615,0.098457795663228653,0.02643350571094355,0.0020076485529319133
139,0.026304042632635916,-0.0022649048628758839,-0.0028184166323612075,0.025862801594397643,0.037317177045128533,0.022493020279231231,0.0081478844729889841,-0.019889104747984089,0.0012382291482893014,0.080063653428377998,-0.1307617157924926,0.00060938615118068739
140,0.032948700036921748,0.018807342369214608,0.013922167298075338,0.088923902103984889,-0.030846278336904235,0.1269730856531979,0.026718038651322204,0.029248202317917592,0.023358830694306148,0.025771658275133107,-0.02866552245505713,-0.0048677553731490781
141,-0.032489564671450491,0.16439960316557095,-0.048692833116866965,0.013524712870781157,0.049584692254540569,0.039707921965006061,0.030868095236733659,-0.057863818978274542,-0.013127873399709805,0.02845087634005098,0.064557770152031554,-0.0023466290099275105
142,0.042610228243745468,0.065267139597595752,-0.049938353308009817,-0.012695038956622147,-0.074084573198503118,-0.026811718960984655,-0.018641426775433411,-0.038508482199295362,-0.035006630343305915,0.0017536649958471845,0.06505841044790707,-0.0055170429604751549
143,0.075099792915196001,-0.099132463567975226,-0.0012455201911428307,-0.026219751827403302,-0.12366926545304366,-0.066519640925990692,-0.049509522012167038,0.01935533677897916,-0.021878756943596114,-0.026697211344203796,0.00050064029587548742,-0.0031704139505477433
144,0.047754750663090505,-0.14442345967173686,0.0813959837500665,-0.017202619361115532,-0.14796995637792018,-0.021729924215696018,-0.020819544004656181,-0.0030373889482354609,-0.043920503509996114,0.022513969919366952,-0.038490948722873633,0.0033338433276293108
145,-0.014868198622076584,-0.007324061701938246,0.11920276021309231,-0.015832665420658379,-0.25871052483619061,0.057278340236910127,-0.044691367754276394,0.046446101515016984,0.010907302536327001,0.00030163534658345266,-0.025265822110080501,0.0029595232712742669
146,0.059230293008585899,-0.075616885530011668,0.016241449451284078,0.024422300433700719,-0.021590954067389059,0.044391399452717223,0.065184158063935432,-0.022829231142269583,0.018446657232491649,0.094043210943764791,0.060521727431970151,0.0062370287910457432
147,0.029222034826744667,-0.10134439725928271,0.0014187838120849582,0.015734295590472826,0.011412545749726284,0.017635102276582347,0.0077813026648965861,0.058532608624088059,0.063322589012777278,0.053568487877431008,0.025299375286905987,0.0050667374207812709
148,-0.027345042252105461,-0.045290996103761576,0.082641503941209296,0.0090171324662877937,-0.024300690924876547,0.044789716710294733,0.028689978007510844,-0.02239272572721461,-0.022041746566400032,0.049211181263570748,-0.038991589018749141,0.0065042572781770051
149,-0.08996799153727239,0.091808401866037032,0.12044828040423514,0.010387086406744902,-0.13504125938314679,0.12379798116290083,0.0048181542578906583,0.027090764736037845,0.032786059479923108,0.026998846690787261,-0.025766462405955981,0.0061299372218219638
150,0.014065092739550512,-0.025313437931020675,0.030956331267668214,-0.0050912518765736312,0.065902609958572889,-0.00035281734391947889,-0.029798095450213429,0.044120530490738968,-0.010039101902867265,-0.018394142234850693,-0.15719522150343612,-0.0013982624017513127
151,0.020709750143835349,-0.0042411906989300724,0.047696915198104706,0.057969848633013521,-0.002260845423459952,0.10412724803004723,-0.011227941271880284,0.093257837556640605,0.012081499643149543,-0.072686137388095609,-0.055099028166000701,-0.0068754039260810586
152,0.013430613994867059,0.0046056996288652641,0.032838419070728542,-0.0039040368587854105,0.052768283818410401,0.048526859585396605,-0.030476826658242299,-0.0078688752875120359,-0.012805229748675873,-0.17448728849733683,-0.068901032402701817,-0.010215176668365791
153,-0.030008258181841319,-0.025727511729271079,-0.014822665639199097,-0.0086880048432278686,0.03300349981711536,-0.026756297176134865,-0.057402855399038819,0.081361839766357621,0.044875931780285691,-0.040474723066333734,-0.035222352145064167,-0.0011702913702644007
154,-0.086575335260691277,0.030325889426250082,0.066400054489925184,-0.015405167967412967,-0.0027097368574875054,0.00039831725757749192,-0.036494180056424547,0.00043650541505496979,-0.040488403798891653,-0.044832029680193952,-0.0995133164507193,0.00026722848713126273
155,0.0066446574042850082,0.021072247232090648,0.016740583930436523,0.063061100509587201,-0.068163455382032806,0.10448006537396665,0.018570154178333194,0.049137307065901602,0.022120601546016826,-0.054291995153244899,0.1020961933374354,-0.0054771415243297927
156,-0.0059418321176314811,0.038479805383520943,0.058406682675729821,0.0027512770618258013,-0.03014776069753522,-0.048391783872274316,-0.04236476692050585,-0.0058231179923952259,-0.016389964996292791,-0.054389214083816584,0.16978927836367497,0.00178934234202357
157,-0.00063447874468268233,0.029919137559885921,0.001882087803060361,0.0011872150177882485,-0.013134326140162501,0.048879676929316086,-0.00067873120802878009,-0.051989405778250987,-0.0027661278458085969,-0.15609314626248613,0.088294189100734305,-0.008816914266614408
158,-0.044073350921390947,-0.00041407379825043064,-0.045778996906867306,-0.0035967529666542236,-0.032899110141457522,-0.026403479832215408,-0.02760475994882533,0.037241309275618646,0.054915033683152981,-0.022080580831483038,0.12197286935837194,0.00022797103148702096
159,-0.012586489521916495,0.017407558151430403,0.041666098745293319,-0.060309823447761451,0.0380156946844976,-0.15287184924624098,-0.060934921098839072,-0.054960425058296916,-0.038510566542309589,-9.7218930571761619e-05,0.067693085026239538,0.0072664838663533795
160,-0.0072791361489685999,0.0088468903277953183,-0.014858496127376129,-0.061873885491798945,0.055029129241870305,-0.055600388444650581,-0.019248885386362019,-0.10112671284415262,-0.024886729391825353,-0.10180115110924126,-0.01380200423670112,-0.003339772742284689
161,-0.049979609377641759,0.047852836160732326,0.057127115169212761,-0.00068871366005457402,0.015650952822398444,-0.050446697152567513,-0.078921347455469137,-0.050062371994778344,-0.010599021410552634,0.078833361231996024,-0.042646970239361516,0.019640609883565814
162,0.0053073533729482945,-0.0085606678236350518,-0.056524594872669413,-0.0015640620440374939,0.017013434557372725,0.097271460801590395,0.041686035712477053,-0.046166287785855784,0.013623837150484215,-0.10170393217866949,-0.081495089262940676,-0.010606256608638004
163,-0.035939818417615968,-0.0019918484709248599,-0.024743634990664967,-0.15970410913778593,0.011423861624896109,-0.023838387695132031,0.053757585413228323,-0.039677454118872274,0.021173697317578385,0.062210789877663507,-0.088861550969157113,0.0048139357423266985
164,-0.037393119855725354,0.030445278009302155,0.015461016423919498,0.059621109787706891,-0.022364741862099219,0.10242515209367345,-0.0179864263566301,0.0048980530635186247,0.027911545131756921,0.078930580162567807,-0.11034005526560106,0.012374126017212411
165,-0.086545734045793993,0.048806513830998703,0.018558264613395884,0.025797305847542289,-0.0082795669766621595,-0.012633795336471096,0.03508749829816734,0.040726430490739728,0.055111591021629769,-0.01495111625964771,-0.098032470539668681,-0.029054600264773221
166,-0.043438872176708145,-0.030333211358136335,-0.047661084709927672,-0.0047839679844424426,-0.019764784001295031,-0.075283156761531481,-0.026926028740796512,0.089230715053869605,0.05768116152896155,0.13401256543100309,0.03367868025763765,0.0090448852981013378
167,-0.041247171790563711,0.0065688193527101693,0.031780959882004439,-0.15814004709374849,-0.0055895729324766247,-0.12110984849672232,0.012071549700751281,0.0064888336669835147,0.0075498601670942467,0.16391472205633301,-0.0073664617062164485,0.015420192350964802
168,-0.042700473228673409,0.039005945832937219,0.071985611296588925,0.061185171831744413,-0.039378176419471875,0.0051536912920830784,-0.059672462069107084,0.051064340849374397,0.014287707981272778,0.18063451234123729,-0.028844966002660399,0.022980382625850535
169,-0.056567077078850322,0.056053401155521161,0.081222720129124334,-0.0067171631241850216,-0.035713236674602841,0.027154614433712393,0.020908675342614251,-0.080925334351302641,-0.085364335579177289,-0.0043573066138602283,-0.064290964305655104,0.0014375198573956661
170,-0.086579716562999037,-0.08295355146421636,0.11659601764043415,0.087634325292038351,-0.022272676119813976,-0.032412720024439241,0.0058023355322980256,-0.019280007864641013,-0.050742537369321425,-0.052084268006535331,-0.031079267380578833,-0.0012228549945409318
171,-0.060267460262516802,-0.075447263833873762,0.010662272982902316,-0.088101692148639943,0.0074957226989057837,0.11167872560950266,0.010988097562128912,-0.015474414432385005,-0.050175133791158025,-0.085798130527036581,-0.022260206911070213,-0.0056816093217057244
172,-0.06262294928516704,0.13709939796979864,0.037806776463025771,0.001369953940457188,-0.11074056845827022,0.079008264452606058,-0.023871823749620154,0.049483490463252455,0.054827806046323091,-0.022212334572783501,0.013225126612793146,-0.00037432005635506366
173,-0.11143762957721877,-0.053125590200089653,0.24509020703002254,-0.0087453973702087476,0.043582607064163274,-0.033623335008762106,0.021782407846173964,0.0029331092022809404,0.036311763674868026,-0.051734225205608324,0.049688182049538801,-0.012683329997589598
174,-0.030012639484148906,-0.13900695261973744,0.035373297511309784,0.094351488416223497,0.01344056055478883,-0.059567334458151593,-0.01510633981031625,0.061645326486661683,0.03462179820985592,-0.047726961392675078,0.033211696925076292,-0.002660374851936599
175,-0.0037003831836668363,-0.13150066498939494,-0.070560447146222005,-0.081384529024454852,0.043208959373508583,0.084524111175790256,-0.0099205777804853602,0.065450919918917688,0.035189201788019292,-0.081440823913176336,0.042030757394584881,-0.0071191291791013692
176,-0.04881468029205175,-0.19022498816988836,0.20728343056699669,-0.010115351310665904,0.15432317552243352,-0.11263159946136822,0.045654231595794181,-0.046550381260971482,-0.018516042371455103,-0.029521890632824774,0.03646305543674562,-0.012309009941234498
177,0.081424990093069805,-0.085881362419647819,-0.20971690951871272,0.10309688578643222,-0.030142046509374427,-0.025943999449389524,-0.036888747656490181,0.058712217284380724,-0.0016899654650122109,0.0040072638129331657,-0.016476485124462478,0.010022955145652969
178,-0.0077563231150125393,-0.13177491540804923,-0.23541980594014383,0.044017462581228302,0.019960900327595378,0.046331464411988529,-0.068022559905891317,0.030604998843804528,0.030936998621753416,0.080927152761155877,0.013649404927630934,0.039369272756772648
179,0.026312256300482045,0.0075062876303425563,-0.10593374465753183,-0.17573601744067838,0.029768398818719691,0.14409144563394188,0.0051857620298308704,0.0038055934322560481,0.00056740357816337239,-0.033713862520501237,0.0088190604695086144,-0.004458754327164827
180,-0.041382443925985168,-0.0087641551840373783,-0.15523956877063111,-0.030628840070469517,-0.0098971379602039167,0.1186799261403047,0.076857746646601555,-0.097644167158941003,-0.0064139512744634392,0.09116536914594206,-0.0059075768342108058,-0.023991343987141457
181,-0.089181313208082216,-0.045893552988401212,-0.025702896421431087,-0.059079423205203901,0.050102946836969788,0.072275463861378036,-0.031133812249401132,-0.028107218440576166,0.032626964086765617,0.076919888948222756,0.030125890052093464,0.029346317611119704
182,0.062459160648661013,0.11234929454472027,0.068779771609029761,-0.065254386960666128,0.0066794883699126742,-0.15750541734469362,0.028009480879418819,-0.067267466954501184,4.3832429290679986e-05,0.11570028715236642,-0.018784935052783849,0.012056916374569142
183,-0.067694700226467411,-0.016270442814379983,-0.049305824113099209,0.14510717737020878,-0.039665536778923621,-0.025411519493637159,0.071671984616770712,-0.10144976059119704,-0.0069813548526267977,0.12487923166644335,-0.014726637303719411,-0.019532589659976667
184,-0.11549356950856449,-0.053399840618743928,0.080230848236100757,0.11665659423547445,0.020334548018250104,-0.071815981772563861,-0.036319574279232006,-0.031912811872832222,0.032059560508602217,0.11063375146872395,0.021306829582584834,0.033805071938284505
185,-0.001453301438109353,0.032437126480227028,0.040204651414584458,0.21932521892549292,-0.033788603486995278,0.12626353978880542,-0.07174401176985834,0.044575507182390874,0.0067378478141785075,0.016719790284904269,-0.021478504296443955,0.0075601902748857761
186,-0.050605915628177942,0.050798362301923479,0.043301899604060806,0.18550141498532835,-0.019703428601558253,0.011204592358660864,-0.018670087115060983,0.080403884609611967,0.033937893704051397,-0.077161906137311248,-0.0091709195705116028,-0.033868536007099825
187,-0.078949677103412774,-0.0021293215187267248,-0.063324888960398146,0.15938446374113324,-0.07246027452903156,0.11061087570391796,0.025345498434043889,0.074979322004157231,0.027242055094289258,-0.15058383568788927,0.062659902151894556,-0.029859391194379248
188,-0.049152614190068639,0.018361235821696562,0.0030972481894763204,-0.033823803940164585,0.014085174885437019,-0.11505894743014455,0.053073924654797364,0.035828377427221128,0.027200045889872831,-0.093881696422215513,0.012307584725932366,-0.04142872628198558
189,-0.077496375665303263,-0.034566447998953746,-0.10352954037498256,-0.05994075518435972,-0.038671671042036344,-0.015652664084887483,0.097089510203902246,0.030403814821766371,0.020504207280110751,-0.16730362597279352,0.084138406448338532,-0.037419581469264974
190,-0.12038590465459693,0.049880142179590872,0.041836706362814252,0.017336798648034824,0.035602627203044038,-0.053693173403676103,0.01591210516214081,-0.083003873734953521,-0.030190481495781511,-0.096233756002275322,0.062015884280494649,-0.029854572358420976
191,-0.028343761475234555,-0.052927683820650197,-0.10662678856445895,-0.026116951244195042,-0.052756845927473386,0.099406283345257085,0.04401558554910491,-0.0054245626054547653,-0.0066958386097620733,-0.073421929550577997,0.07183082172240618,0.0040091448127205654
192,-0.096532783287730503,-0.03433361618178761,-0.084759622623407388,-0.035453453323518389,-0.013742787378896481,0.054817006588082737,0.03733907565974473,0.0060100237813222619,-0.045867885534236028,0.012061574192324946,0.021173863233713518,0.13019380072743683
193,-0.079569942722196238,0.012218415488762173,-0.040232440529377481,-0.017759482212746338,0.026368499044927003,0.13696281332397017,0.010379461685882531,-0.087556780097220843,-0.03673270049506383,0.061815565797845015,0.0011084187726180888,0.032341375152972536
194,-0.07123329046452799,0.031518906357894394,0.038739458173337876,0.051160602588199468,0.021517452317607023,0.061365774026468416,-0.037161819492656553,-0.11883225116217465,-0.057390527385654297,-0.0023520595800598301,0.049708299554562269,0.01157415392356464
195,-0.051204183771715733,-0.12649041584037346,-0.054760706761730907,0.050977100589741718,0.026115249380195261,0.021483022147138431,0.018317005303307949,-0.1091616156408531,-0.034267242376206888,0.15976278020196605,-0.058601604402830139,-0.001730114840166495
196,-0.0884764679603839,-0.077425577312951369,-0.066917282069717199,-0.019989853157675399,0.04526313182627574,-0.074042143517877301,-0.16593154891654766,-0.03820225638066161,-0.05880912412963793,0.11353495401128738,-0.080860190355265385,0.022505475933592225
197,-0.068189021812495809,0.01859406763886268,0.021867165941051547,-0.0093365020793233066,0.039014058548576848,-0.044589276757174279,-0.0066765098893601972,0.011434586386777039,-0.039172046924473965,0.085483503742902894,-0.05065695848869263,0.12618465591471631
198,-0.051226181246961523,0.065146099309412328,0.066394348035081388,0.0083574690314488047,0.079125344972400397,0.037556529978713102,-0.033636123863222338,-0.082132217491766024,-0.03003686188530175,0.13523749534842305,-0.070722402949788057,0.028332230340252038
199,-0.047798869282096985,-0.037129397804363945,0.12953667234919994,-0.028450583134734371,0.060000084797173753,-0.046404462278926653,-0.10799155889600275,0.069536948718364855,0.039040915361229042,-0.014245480197719373,0.036033466886304259,0.053337661598261123
200,-0.10530774635428018,-0.026172861777073807,0.042459779104341497,-0.034971834229383589,0.06063762273479105,-0.087452159469430496,-0.011562539177706711,0.013004781501944002,0.044426000517508731,-0.12995706116093877,0.005491923687320599,0.0067682679135511277
201,-0.037272284188668105,0.049064838527422112,-0.012156575307986292,-0.070966953747417114,0.019147882446080462,-0.095525165665015732,-0.18424855421985564,0.070959359260191493,-0.024541881753431118,-0.046227826190678722,-0.022258585952435267,0.024235590773758899
202,-0.016984838040780034,0.14508448347923619,0.076627872702782457,-0.06031360266906495,0.012898809168381558,-0.066072298904312723,-0.024993515192668153,0.12059620202763015,-0.0049048045482671006,-0.074279276459063195,0.0079446459141375072,0.12791477075488292
203,-0.057508877072183003,0.010956536027290329,-0.087076893244858414,-0.0065212510946491805,0.00063753793761745295,-0.041047697190503822,0.096429019718296052,-0.056532167216420848,0.0053850851562796884,-0.11571158096321944,-0.030541543198983633,-0.046569393684710178
204,0.010526585093429228,0.086194236331786009,-0.14169324765718627,-0.042516370612682708,-0.040852202351093228,-0.049120703386089051,-0.076256995323852911,0.0014224105418266554,-0.063582797114660125,-0.031982345992959405,-0.058292052838739505,-0.029102070824502342
205,0.068035462165612001,0.075237700304495628,-0.054616354412327824,-0.035995119518033511,-0.041489740288710636,-0.0080730061955852257,-0.172686015042149,0.057954577758247527,-0.068967882270939806,0.083729234970260052,-0.027750509639755866,0.01746732286020794
206,0.0054763753606732616,0.14887272018193951,0.015304334569451798,-0.083024094009425245,-0.0098865841058347267,0.002201860735074234,-0.029321445455523922,0.091608449198474398,-0.07700921626471624,0.083885939734773041,0.042017546293430859,-0.078628004024208692
207,0.020287446147887786,0.096019644951813962,0.088784448010768791,0.010653351078352098,-0.0062490732776989029,0.029452866760702991,0.15925503902718752,0.049636842767438634,0.019637077205163972,-0.028051450268384438,0.030203231866572748,0.10367917998112403
208,-0.032180990015508296,0.12440717919156508,0.11845126515275911,-0.052167538951372085,0.0028677325359638579,0.018074188537143786,0.023583358324651346,0.005918277194678816,0.092636759168171517,-0.052060520569822619,0.039863093256250613,0.019603962258408866
209,-0.062559086804938893,0.073635019877443697,0.069920688981779611,-0.047028974491391706,0.031603156182875944,0.010274866930659467,0.14336456958662511,0.033653871440226864,-0.0080413339937764755,0.00015670476451300208,0.069768055933186759,-0.096095326884416674
210,0.016962840565534206,0.046552031670549748,0.044527182094029824,0.017693971110772082,0.040111286423823486,0.082145806735887436,-0.026959613973862134,-0.093566803878543103,0.0091351850391722111,0.049753991605520173,-0.020065444461095455,-0.097852425574464372
211,0.025299492823202263,0.065852522539681976,0.12349908079674525,0.086614055911717849,0.035260239696503534,0.0065487674383856651,-0.074500895152401256,-0.12484227494349694,-0.011522641851418283,-0.014413633772384723,0.028534436320848771,-0.11861964680387235
212,-0.052468436163396137,0.028387534239751131,0.029666817141990313,-0.062820890029724158,0.0091168058136627851,-0.011378678223559204,-0.13567168070253616,-0.043718565572759827,0.072999681963007573,-0.024009070301438205,0.009659861389677853,-0.084075217722715062
213,-0.082846532952826749,-0.022384625074370397,-0.018863759028989114,-0.057682325569743731,0.03785222946057485,-0.019177999830043549,-0.015890469440562459,-0.015982971327211791,-0.027678411198940437,0.028208155032897472,0.039564824066613997,-0.19977450686554057
214,-0.10641867480054336,0.030404907734641013,0.06164496332123709,-0.063544052818645766,-0.0018470389331500083,-0.014181651203782059,0.11505982085944449,0.053454896627169249,0.032099793027315936,0.024576394947159436,-0.022014732734362212,-0.15512147069179069
215,0.0083366522576681142,0.019300490869132367,0.078971898702715385,0.068920084800945816,-0.0048510467273200041,-0.07559703929750175,-0.047541281178539105,-0.031275471064953833,-0.020657826890590411,-0.064167625377904852,0.048599880781944216,-0.020767221229407998
216,-0.069431276728930222,-0.018164497430798697,-0.014860364952039511,-0.080514861140496274,-0.030994480610160757,-0.093524484959446624,-0.10871206672867405,0.049848238305783291,0.06386449692383539,-0.073763061906958319,0.029725305850773289,0.013777207851749278
217,-0.099809373518361083,-0.068936656744920125,-0.06339094112301899,-0.075376296680515834,-0.0022590569632486499,-0.10132380656593099,0.011069144533299737,0.077583832551331278,-0.036813596238112645,-0.021545836572622691,0.059630268527709432,-0.10192208129107637
218,-0.0777679289865984,-0.0374649882999308,-0.093832263654754958,-0.14943494594144205,-0.026143433882840798,-0.017927445661944891,-0.061170785550134908,0.08112370937073711,0.084522323814425801,-0.0095954365290534371,-0.018874574931170902,0.03454442908115718
219,-0.13171816762374566,-0.035447614805040883,-0.061854117475508244,-0.15015810873036364,-0.037107278629653531,-0.020730418642167722,0.18956071601184579,0.17829717157066616,0.043622434878734198,0.038990028719544184,-0.05054916905521098,-0.03650182388791838
220,-0.030378096789430611,-0.050772159314121448,-0.048530576170979445,0.0051385644599803932,0.028735423646912062,-0.0077993216064843459,0.11978121126197369,0.027735594245548039,-0.10067809316194795,0.052217225334335662,0.029904962676936129,-0.11569928914282544
221,-0.053950238637147215,0.0020173734948900762,0.031978146179246748,-0.00072316278892164965,-0.010963844746812716,-0.0028029729802228516,0.25073150156198065,0.09717346219992902,-0.040899888935691617,0.048585465248597623,-0.031674594124040084,-0.071046252969075518
222,-0.023572141847716534,0.052789532809011455,0.080508722350226117,-0.0058617272489020402,-0.039699268393724861,0.0049963486262614744,0.13095029030000699,0.069437867954381019,0.059778204226256411,-0.0036317600857379805,-0.061579556800976237,0.044653036173750021
